bv2022;libelle;dep;region;lat;lon;population;nb_docteurs_pondere;densite_100k
01004;Ambérieu-en-Bugey;01;Auvergne-Rhône-Alpes;46.00162325544847;5.360047544267934;49316.0;2.0;4.055478952064239
01033;Valserhône;01;Auvergne-Rhône-Alpes;46.131702788020604;5.824267872667508;30736.0;0.25;0.8133784487246226
01034;Belley;01;Auvergne-Rhône-Alpes;45.81807452377547;5.659365987435893;25915.0;3.142857143;12.12755988037816
01053;Bourg-en-Bresse;01;Auvergne-Rhône-Alpes;46.1582536188666;5.2017608805582;86806.0;6.5;7.487961661636292
01072;Ceyzériat;01;Auvergne-Rhône-Alpes;46.22890950132486;5.371551875609047;18262.0;0.5;2.737925747453729
01093;Châtillon-sur-Chalaronne;01;Auvergne-Rhône-Alpes;46.116146326968085;4.970355834039333;17622.0;0.0;0.0
01138;Culoz-Béon;01;Auvergne-Rhône-Alpes;45.83370894603159;5.801728167331671;9764.0;0.0;0.0
01143;Divonne-les-Bains;01;Auvergne-Rhône-Alpes;46.368324967612224;6.114783735868709;11353.0;0.166666667;1.4680407557473794
01160;Ferney-Voltaire;01;Auvergne-Rhône-Alpes;46.26260781425877;6.085242451915035;26329.0;1.05952381;4.024170344487067
01173;Gex;01;Auvergne-Rhône-Alpes;46.33149294854265;6.028632342406928;28992.0;0.0;0.0
01185;Plateau d'Hauteville;01;Auvergne-Rhône-Alpes;45.99704827419481;5.6024950196454775;9277.0;0.25;2.6948366928964105
01202;Lagnieu;01;Auvergne-Rhône-Alpes;45.86737486100039;5.336185477482158;13027.0;0.0;0.0
01244;Meximieux;01;Auvergne-Rhône-Alpes;45.896688382794245;5.203285390583976;24628.0;0.333333333;1.3534730103946728
01262;Montluel;01;Auvergne-Rhône-Alpes;45.86712435465113;5.065036839776638;25905.0;3.816666665;14.733320459370779
01265;Montréal-la-Cluse;01;Auvergne-Rhône-Alpes;46.15239061554385;5.580087884027819;18790.0;0.0;0.0
01266;Montrevel-en-Bresse;01;Auvergne-Rhône-Alpes;46.353685674097086;5.154849762898396;22441.0;0.0;0.0
01283;Oyonnax;01;Auvergne-Rhône-Alpes;46.30766695448628;5.617440125134311;45765.0;3.73809524;8.168021938162351
01304;Pont-d'Ain;01;Auvergne-Rhône-Alpes;46.05920817751811;5.306331253691235;4647.0;1.433333333;30.844272283193458
01305;Pont-de-Vaux;01;Auvergne-Rhône-Alpes;46.45504293556245;4.982348254939986;21771.0;0.0;0.0
01333;Saint-André-de-Corcy;01;Auvergne-Rhône-Alpes;45.94831099698016;4.9348035845275655;10794.0;0.0;0.0
01354;Saint-Genis-Pouilly;01;Auvergne-Rhône-Alpes;46.23303361598722;5.963108962664556;35803.0;0.166666667;0.4655103399156495
01443;Villars-les-Dombes;01;Auvergne-Rhône-Alpes;45.999220202511374;5.053874831579612;9207.0;0.0;0.0
01457;Vonnas;01;Auvergne-Rhône-Alpes;46.23424121895951;5.018824700280829;11700.0;0.0;0.0
02095;Bohain-en-Vermandois;02;Hauts-de-France;49.981937796953765;3.420404953916728;23625.0;0.0;0.0
02163;Charly-sur-Marne;02;Hauts-de-France;48.978118820926944;3.299181177571271;9013.0;0.0;0.0
02168;Château-Thierry;02;Hauts-de-France;49.07356607773959;3.4044428291797537;43246.0;0.666666667;1.5415683924524812
02173;Chauny;02;Hauts-de-France;49.56975124124159;3.228686212208794;32194.0;2.0;6.212337702677517
02305;Fère-en-Tardenois;02;Hauts-de-France;49.18752253057561;3.557190164334488;5663.0;0.0;0.0
02360;Villeneuve-sur-Aisne;02;Hauts-de-France;49.44532449671947;3.924903471273651;6378.0;0.0;0.0
02361;Guise;02;Hauts-de-France;49.857319919911994;3.608351092597238;21823.0;0.0;0.0
02381;Hirson;02;Hauts-de-France;49.84377863585745;4.153078128392386;26284.0;0.0;0.0
02408;Laon;02;Hauts-de-France;49.584314891439384;3.689951527573719;74864.0;2.033333332;2.7160361882880957
02468;Marle;02;Hauts-de-France;49.73449327288389;3.7998106041691444;5294.0;0.0;0.0
02502;Montcornet;02;Hauts-de-France;49.67764098656553;4.021857848355211;4681.0;0.0;0.0
02558;Le Nouvion-en-Thiérache;02;Hauts-de-France;49.99757834765386;3.7913152459941677;15452.0;0.0;0.0
02691;Saint-Quentin;02;Hauts-de-France;49.86009937135874;3.2661788989029987;89039.0;10.499999997;11.792585268253237
02722;Soissons;02;Hauts-de-France;49.35913755716084;3.387768038853555;75185.0;5.416666667;7.204451242934096
02738;Tergnier;02;Hauts-de-France;49.67520854419052;3.3274871354381177;38543.0;0.0;0.0
02789;Vervins;02;Hauts-de-France;49.836202183671226;3.9131141022974205;9057.0;0.0;0.0
02810;Villers-Cotterêts;02;Hauts-de-France;49.21510909005684;3.1509314303012648;30011.0;0.0;0.0
03036;Bourbon-l'Archambault;03;Auvergne-Rhône-Alpes;46.58155925212834;3.0140840809475034;6978.0;0.0;0.0
03082;Commentry;03;Auvergne-Rhône-Alpes;46.25172795087484;2.733338613388041;21421.0;0.0;0.0
03102;Dompierre-sur-Besbre;03;Auvergne-Rhône-Alpes;46.506475546946454;3.6431884417754725;9817.0;0.0;0.0
03118;Gannat;03;Auvergne-Rhône-Alpes;46.135645550680564;3.1519637444470785;25062.0;0.0;0.0
03138;Lapalisse;03;Auvergne-Rhône-Alpes;46.28948715006632;3.695044702899229;14494.0;0.999999999;6.899406644128605
03185;Montluçon;03;Auvergne-Rhône-Alpes;46.434063318892534;2.5842078984930423;76090.0;6.0;7.885398869759496
03186;Montmarault;03;Auvergne-Rhône-Alpes;46.317546147248244;2.9399928364761156;3121.0;0.0;0.0
03190;Moulins;03;Auvergne-Rhône-Alpes;46.55541511892788;3.2869554926616624;63214.0;2.666666666;4.218474809377669
03254;Saint-Pourçain-sur-Sioule;03;Auvergne-Rhône-Alpes;46.31834792684109;3.2100180866863623;16117.0;0.5;3.10231432648756
03298;Varennes-sur-Allier;03;Auvergne-Rhône-Alpes;46.34511039196029;3.4462264725415785;6984.0;0.0;0.0
03310;Vichy;03;Auvergne-Rhône-Alpes;46.095777812463446;3.5092726776393075;91504.0;6.499999999;7.103514599361776
04019;Barcelonnette;04;Provence-Alpes-Côte d'Azur;44.42689565302607;6.714542687532918;6626.0;0.5;7.546030787805614
04049;Château-Arnoux-Saint-Auban;04;Provence-Alpes-Côte d'Azur;44.05428316066238;5.985060066763262;18017.0;0.333333333;1.8501045290558915
04070;Digne-les-Bains;04;Provence-Alpes-Côte d'Azur;44.11851744470214;6.2740751645469945;27682.0;0.666666666;2.408303829203092
04088;Forcalquier;04;Provence-Alpes-Côte d'Azur;44.01677158162233;5.71180057904866;17151.0;0.333333333;1.943521269896799
04094;Gréoux-les-Bains;83;Provence-Alpes-Côte d'Azur;43.706563954279474;5.885635938245374;15633.0;0.0;0.0
04112;Manosque;04;Provence-Alpes-Côte d'Azur;43.812325764587484;5.755064845963348;40800.0;4.238095237;10.38748832598039
04143;Oraison;04;Provence-Alpes-Côte d'Azur;43.94308103239952;5.967991750211766;8366.0;0.0;0.0
04166;Riez;04;Provence-Alpes-Côte d'Azur;43.81450977577984;6.148648821494284;10323.0;0.0;0.0
04173;Saint-André-les-Alpes;04;Provence-Alpes-Côte d'Azur;43.99578349676444;6.53401368230817;9592.0;0.0;0.0
04209;Sisteron;04;Provence-Alpes-Côte d'Azur;44.242169794986765;5.974834783534065;17439.0;0.0;0.0
05006;L'Argentière-la-Bessée;05;Provence-Alpes-Côte d'Azur;44.80954813118294;6.469346418422152;5477.0;0.0;0.0
05023;Briançon;05;Provence-Alpes-Côte d'Azur;44.94900287163039;6.6123782185536655;19882.0;1.0;5.029675082989638
05040;Chorges;05;Provence-Alpes-Côte d'Azur;44.42335480260545;6.3086445848813835;12465.0;0.0;0.0
05046;Embrun;05;Provence-Alpes-Côte d'Azur;44.55661508815232;6.486287658784363;13385.0;0.5;3.735524841240194
05061;Gap;05;Provence-Alpes-Côte d'Azur;44.60970501230447;6.154990702946545;55177.0;6.333333333;11.478212539645142
05065;Guillestre;05;Provence-Alpes-Côte d'Azur;44.706929289022526;6.790830383420398;7991.0;0.0;0.0
05070;Laragne-Montéglin;05;Provence-Alpes-Côte d'Azur;44.30327638323126;5.73911202291817;8355.0;0.0;0.0
05132;Saint-Bonnet-en-Champsaur;05;Provence-Alpes-Côte d'Azur;44.73956761960263;6.056309025323606;7835.0;0.0;0.0
05170;Tallard;05;Provence-Alpes-Côte d'Azur;44.4274390742691;5.997790923456046;6962.0;2.333333336;33.5152734271761
05179;Veynes;05;Provence-Alpes-Côte d'Azur;44.50688578413517;5.684562541182575;11071.0;0.0;0.0
06029;Cannes;06;Provence-Alpes-Côte d'Azur;43.70450033993078;6.861972999451009;411376.0;46.333333328;11.263013235580102
06033;Carros;06;Provence-Alpes-Côte d'Azur;44.05193757927303;7.12783720538236;44775.0;1.0;2.233389168062535
06048;Contes;06;Provence-Alpes-Côte d'Azur;43.859251300848264;7.3373954669145265;17795.0;2.166666665;12.175704776622647
06083;Menton;06;Provence-Alpes-Côte d'Azur;43.97931465154467;7.517559443513114;80492.0;6.3333333320000005;7.868276762908115
06088;Nice;06;Provence-Alpes-Côte d'Azur;43.74222822245329;7.176145713602029;569035.0;71.774999983;12.613459626033547
06099;Puget-Théniers;06;Provence-Alpes-Côte d'Azur;44.03969174559002;6.8748244988254585;9039.0;0.125;1.3828963380904968
07010;Annonay;07;Auvergne-Rhône-Alpes;45.20787714062004;4.625843298529447;49868.0;1.333333333;2.673725300794096
07019;Aubenas;07;Auvergne-Rhône-Alpes;44.657258016575526;4.320571744693496;55377.0;4.666666666;8.427084648861442
07042;Bourg-Saint-Andéol;07;Auvergne-Rhône-Alpes;44.39982879321672;4.583842803823436;13113.0;0.0;0.0
07064;Le Cheylard;07;Auvergne-Rhône-Alpes;44.89020653522432;4.361160902499109;9092.0;0.0;0.0
07110;Joyeuse;07;Auvergne-Rhône-Alpes;44.52190275224181;4.140504448020807;10117.0;0.0;0.0
07129;Lamastre;07;Auvergne-Rhône-Alpes;44.99914313278446;4.589445924901444;7538.0;0.0;0.0
07132;Largentière;07;Auvergne-Rhône-Alpes;44.554399564161855;4.257799522568192;5102.0;0.0;0.0
07186;Privas;07;Auvergne-Rhône-Alpes;44.754439207865566;4.570032029520409;31036.0;1.7;5.477509988400567
07201;Ruoms;07;Auvergne-Rhône-Alpes;44.4376933124421;4.316384285349487;6296.0;0.0;0.0
07324;Tournon-sur-Rhône;26;Auvergne-Rhône-Alpes;45.075406331575486;4.759158039300419;42694.0;0.0;0.0
07330;Vallon-Pont-d'Arc;07;Auvergne-Rhône-Alpes;44.41266913328606;4.437605997482986;5247.0;0.0;0.0
07334;Les Vans;07;Auvergne-Rhône-Alpes;44.427723637030084;4.046155137259394;9466.0;0.0;0.0
07338;Vernoux-en-Vivarais;07;Auvergne-Rhône-Alpes;44.89559003121781;4.615239301321354;3582.0;0.0;0.0
07341;Villeneuve-de-Berg;07;Auvergne-Rhône-Alpes;44.55757821841032;4.511973329868492;5142.0;0.0;0.0
07349;La Voulte-sur-Rhône;07;Auvergne-Rhône-Alpes;44.84199072822346;4.753435254520832;14820.0;0.0;0.0
08090;Carignan;08;Grand Est;49.62886367617799;5.22421217320018;9424.0;0.0;0.0
08105;Charleville-Mézières;08;Grand Est;49.725660298689704;4.596493233368505;98012.0;8.0;8.16226584499857
08185;Fumay;08;Grand Est;49.99333054939626;4.729476763048446;5548.0;0.0;0.0
08190;Givet;08;Grand Est;50.09407977569578;4.784592774884591;14080.0;0.0;0.0
08302;Monthermé;08;Grand Est;49.900236569433055;4.790002931646689;5966.0;0.0;0.0
08328;Nouzonville;08;Grand Est;49.82044222453955;4.807951517944763;8089.0;0.0;0.0
08362;Rethel;08;Grand Est;49.528947870781195;4.320581472947659;36885.0;1.0;2.71112918530568
08363;Revin;08;Grand Est;49.896899477318726;4.493829167867851;14798.0;0.0;0.0
08409;Sedan;08;Grand Est;49.65105349661956;4.973184967078625;50590.0;0.0;0.0
08490;Vouziers;08;Grand Est;49.39089560787233;4.72256165845332;16835.0;0.0;0.0
09122;Foix;09;Occitanie;42.96432933424003;1.533208108419232;21751.0;0.0;0.0
09160;Lavelanet;09;Occitanie;42.91719194693691;1.8855370513406686;20859.0;0.0;0.0
09167;Lézat-sur-Lèze;09;Occitanie;43.24696434030621;1.3641199306923728;9994.0;0.0;0.0
09185;Mazères;09;Occitanie;43.236850639286345;1.7174794822016783;8993.0;0.0;0.0
09194;Mirepoix;09;Occitanie;43.09305269300657;1.8830722884442037;7443.0;0.0;0.0
09225;Pamiers;09;Occitanie;43.101236369012305;1.6150817729412505;45579.0;1.6666666660000002;3.656654744509533
09261;Saint-Girons;09;Occitanie;42.903050224602715;1.1616343206995445;26686.0;2.333333333;8.743660844637638
09282;Saverdun;09;Occitanie;43.22533593032614;1.5539145868707676;5576.0;2.866666667;51.41080823170732
09306;Tarascon-sur-Ariège;09;Occitanie;42.73363808696218;1.6692574383480572;15328.0;0.0;0.0
10003;Aix-Villemaur-Pâlis;10;Grand Est;48.237308015845755;3.7209792115882823;14845.0;0.0;0.0
10006;Arcis-sur-Aube;10;Grand Est;48.584299962761115;4.195740497108479;13823.0;0.0;0.0
10033;Bar-sur-Aube;10;Grand Est;48.21234937063158;4.762877148325682;13898.0;1.0;7.195279896387969
10034;Bar-sur-Seine;10;Grand Est;48.05008536104989;4.36428833129413;17013.0;0.0;0.0
10064;Brienne-le-Château;10;Grand Est;48.407402889120576;4.526964937849193;9785.0;0.0;0.0
10268;Nogent-sur-Seine;10;Grand Est;48.45018957004052;3.4997601456965572;15822.0;0.0;0.0
10323;Romilly-sur-Seine;10;Grand Est;48.496246784151715;3.775689041755955;38107.0;1.916666666;5.029697079276773
10387;Troyes;10;Grand Est;48.28785943723646;4.169410210094931;190980.0;9.98333333;5.227423463189863
11049;Bram;11;Occitanie;43.22822982848161;2.088002791761829;15883.0;0.0;0.0
11069;Carcassonne;11;Occitanie;43.278430271359284;2.341620414206354;91821.0;8.916666667;9.710923064440596
11076;Castelnaudary;11;Occitanie;43.30618302375002;1.944274195244917;23977.0;0.583333333;2.432887070942987
11106;Coursan;11;Occitanie;43.22624586108292;3.1345568895876506;13352.0;0.0;0.0
11203;Lézignan-Corbières;11;Occitanie;43.10739465864576;2.651209473153072;37836.0;1.577380953;4.168995012686331
11206;Limoux;11;Occitanie;43.06215262577669;2.1998599348666157;26216.0;0.5;1.9072322245956668
11262;Narbonne;11;Occitanie;43.22644721362917;2.951732944371613;103375.0;7.648809526;7.399090230713422
11266;Port-la-Nouvelle;11;Occitanie;43.01921858169688;3.040177570862129;5852.0;0.0;0.0
11304;Quillan;11;Occitanie;42.84351807721248;2.211957053701338;14356.0;0.0;0.0
11379;Sigean;11;Occitanie;42.9961847393156;2.8591311592551283;12439.0;0.0;0.0
11397;Trèbes;11;Occitanie;43.19250767224807;2.460907838852279;8501.0;0.0;0.0
12052;Capdenac-Gare;12;Occitanie;44.561616184419655;2.1086073900371414;8088.0;0.0;0.0
12056;Baraqueville;12;Occitanie;44.27594772832464;2.4181554765950226;7627.0;0.0;0.0
12089;Decazeville;12;Occitanie;44.57168120388091;2.2665370873253914;19358.0;0.0;0.0
12096;Espalion;12;Occitanie;44.57210512736069;2.7401614573760664;16889.0;0.0;0.0
12119;Laguiole;12;Occitanie;44.755862622111515;2.823639764256809;11051.0;0.0;0.0
12120;Laissac-Sévérac l'Église;12;Occitanie;44.35219278550706;2.87334715807999;5436.0;0.0;0.0
12133;Luc-la-Primaube;12;Occitanie;44.222544303550045;2.670288649644802;20985.0;0.0;0.0
12138;Marcillac-Vallon;12;Occitanie;44.515304240635935;2.449394631682859;12908.0;0.0;0.0
12145;Millau;12;Occitanie;44.09839300446598;3.212201833781099;39456.0;2.107575757;5.3415849477899435
12148;Montbazens;12;Occitanie;44.45740952067412;2.191969327394212;5584.0;0.0;0.0
12169;Naucelle;12;Occitanie;44.174654207207354;2.32806080856347;4635.0;0.0;0.0
12197;Réquista;12;Occitanie;44.039075050757745;2.5574020503344523;10438.0;0.0;0.0
12198;Rieupeyroux;12;Occitanie;44.28971532503418;2.2542387107382704;5578.0;0.0;0.0
12199;Rignac;12;Occitanie;44.41173988215183;2.298260738911397;4057.0;0.0;0.0
12202;Rodez;12;Occitanie;44.39740354494711;2.6055398921067487;56007.0;8.166666667;14.581510645097934
12208;Saint-Affrique;12;Occitanie;43.890685491895724;2.8574252510011875;22057.0;2.0;9.067416239742485
12224;Saint Geniez d'Olt et d'Aubrac;12;Occitanie;44.48536879625457;2.99666913832235;3969.0;0.0;0.0
12270;Sévérac d'Aveyron;12;Occitanie;44.31203484068162;3.1352990398054508;5091.0;0.0;0.0
12300;Villefranche-de-Rouergue;12;Occitanie;44.33041644745392;2.009126041186786;29422.0;3.0;10.196451634831078
13001;Aix-en-Provence;13;Provence-Alpes-Côte d'Azur;43.500807251837536;5.4733381716671285;362569.0;45.583333322;12.57231956455185
13004;Arles;13;Provence-Alpes-Côte d'Azur;43.56166424997424;4.660765384808029;58062.0;7.958333332;13.706612469429231
13022;Cassis;13;Provence-Alpes-Côte d'Azur;43.23910119634204;5.589590278991076;19332.0;0.333333333;1.724256843575419
13035;Eyguières;13;Provence-Alpes-Côte d'Azur;43.70312193317077;5.015190993923681;7119.0;0.0;0.0
13037;La Fare-les-Oliviers;13;Provence-Alpes-Côte d'Azur;43.55416406497209;5.202831455649173;9039.0;0.0;0.0
13047;Istres;13;Provence-Alpes-Côte d'Azur;43.50864081545099;4.931402677502725;60154.0;1.333333336;2.21653312497922
13050;Lambesc;13;Provence-Alpes-Côte d'Azur;43.65171077249073;5.300722144625321;20814.0;1.25;6.005573171903526
13051;Lançon-Provence;13;Provence-Alpes-Côte d'Azur;43.576325882085726;5.1610340945808275;9915.0;0.0;0.0
13053;Mallemort;13;Provence-Alpes-Côte d'Azur;43.73329707881311;5.202815723329698;17001.0;0.0;0.0
13054;Marignane;13;Provence-Alpes-Côte d'Azur;43.39992391144216;5.187401129984267;69220.0;6.083333336;8.788404125975152
13055;Marseille;13;Provence-Alpes-Côte d'Azur;43.32971329058843;5.545500390738473;1080313.0;106.499999985;9.858254041652744
13056;Martigues;13;Provence-Alpes-Côte d'Azur;43.39984290214375;5.036837591279269;70275.0;4.083333336;5.81050634791889
13063;Miramas;13;Provence-Alpes-Côte d'Azur;43.56625694395932;5.053009048988444;36546.0;0.75;2.052208175997373
13074;Peyrolles-en-Provence;13;Provence-Alpes-Côte d'Azur;43.647455905368716;5.6341742139025035;11406.0;0.0;0.0
13078;Port-Saint-Louis-du-Rhône;13;Provence-Alpes-Côte d'Azur;43.4161553001306;4.806025822003531;8573.0;0.0;0.0
13080;Le Puy-Sainte-Réparade;13;Provence-Alpes-Côte d'Azur;43.65788375156522;5.432853130505715;6292.0;0.0;0.0
13084;La Roque-d'Anthéron;84;Provence-Alpes-Côte d'Azur;43.74479265111793;5.338645200180516;15628.0;1.0;6.39877143588431
13088;Le Rove;13;Provence-Alpes-Côte d'Azur;43.35896394869555;5.22301888794913;11003.0;0.0;0.0
13096;Saintes-Maries-de-la-Mer;13;Provence-Alpes-Côte d'Azur;43.503855446546936;4.464429366504564;2433.0;0.0;0.0
13097;Saint-Martin-de-Crau;13;Provence-Alpes-Côte d'Azur;43.6490073508838;4.857151799437738;23975.0;1.5;6.256517205422314
13100;Saint-Rémy-de-Provence;13;Provence-Alpes-Côte d'Azur;43.784676800207706;4.8545631619313525;10163.0;3.0;29.518842861359833
13103;Salon-de-Provence;13;Provence-Alpes-Côte d'Azur;43.63687137187389;5.103929512574918;62191.0;9.333333333;15.007530563907961
13104;Sausset-les-Pins;13;Provence-Alpes-Côte d'Azur;43.34491285888995;5.133087731918513;13276.0;2.0;15.064778547755347
13105;Sénas;13;Provence-Alpes-Côte d'Azur;43.730904469082546;5.086537703389954;9022.0;0.0;0.0
14020;Argences;14;Normandie;49.10166416882071;-0.1746512320117845;15166.0;0.0;0.0
14027;Les Monts d'Aunay;14;Non renseigné;49.00806400601056;-0.6401553313157262;7783.0;0.0;0.0
14047;Bayeux;14;Normandie;49.260230118559704;-0.7863621863278762;51349.0;2.0;3.8949151882217765
14118;Caen;14;Normandie;49.17257775833873;-0.38507809661840725;292114.0;22.533333331;7.713883391758013
14174;Condé-en-Normandie;14;Normandie;48.87449115245662;-0.5090167417267754;14574.0;0.0;0.0
14191;Courseulles-sur-Mer;14;Normandie;49.29531572098842;-0.510600077765771;16829.0;0.0;0.0
14225;Dives-sur-Mer;14;Normandie;49.236618891034546;-0.06592740305906447;21663.0;0.25;1.1540414531689978
14228;Douvres-la-Délivrande;14;Normandie;49.281574067663385;-0.3807580649564574;21721.0;0.0;0.0
14257;Évrecy;14;Normandie;49.08082640337783;-0.496447913160418;9118.0;0.0;0.0
14258;Falaise;14;Normandie;48.87844196675081;-0.22652708894964563;32385.0;0.0;0.0
14333;Honfleur;14;Normandie;49.3810300049981;0.23942464403063654;18082.0;1.666666667;9.217269477933858
14342;Isigny-sur-Mer;14;Normandie;49.3241688545263;-1.0515982755208895;7033.0;0.0;0.0
14366;Lisieux;14;Normandie;49.13877965895153;0.2334774002550934;44729.0;4.666666667;10.433201428603368
14371;Livarot-Pays-d'Auge;14;Normandie;49.004772354795335;0.22220616400096027;6373.0;0.0;0.0
14431;Mézidon Vallée d'Auge;14;Normandie;49.08631724594628;-0.026874815356995096;11696.0;0.0;0.0
14478;Orbec;14;Non renseigné;49.012117378630066;0.4118300157826081;5991.0;0.0;0.0
14488;Ouistreham;14;Normandie;49.275270053280906;-0.28849563314458465;16239.0;0.0;0.0
14514;Pont-l'Évêque;14;Normandie;49.25666849501666;0.15975156012424804;14371.0;0.0;0.0
14654;Saint-Pierre-en-Auge;14;Normandie;48.985127929919976;-0.018654816444377394;9839.0;0.0;0.0
14689;Thury-Harcourt-le-Hom;14;Normandie;48.99069390137714;-0.4401947474694065;14117.0;0.0;0.0
14712;Troarn;14;Normandie;49.18423041837469;-0.17724481149789142;7403.0;0.0;0.0
14715;Trouville-sur-Mer;14;Normandie;49.330981575432475;0.07162384591980372;21045.0;3.833333333;18.214936246139224
14752;Villers-Bocage;14;Normandie;49.090857467738275;-0.7300429174576268;18287.0;1.0;5.468365505550391
14762;Vire Normandie;14;Normandie;48.87987995548721;-0.857935641769123;39521.0;2.666666666;6.747467589382858
15014;Aurillac;15;Auvergne-Rhône-Alpes;44.91399535599516;2.3776345781639545;71037.0;3.0;4.223151315511635
15119;Massiac;15;Auvergne-Rhône-Alpes;45.25850613849631;3.138562623232435;4761.0;0.0;0.0
15120;Mauriac;15;Auvergne-Rhône-Alpes;45.183884234234995;2.36529029652266;13699.0;1.0;7.299802905321556
15122;Maurs;15;Auvergne-Rhône-Alpes;44.72074557859464;2.2392577737213233;9049.0;0.0;0.0
15138;Murat;15;Auvergne-Rhône-Alpes;45.16556268709622;2.907351284920061;7799.0;0.0;0.0
15162;Riom-ès-Montagnes;15;Auvergne-Rhône-Alpes;45.304483356724496;2.7314682103638743;8044.0;0.0;0.0
15187;Saint-Flour;15;Auvergne-Rhône-Alpes;44.981467488272344;3.050852408098893;21399.0;0.0;0.0
15258;Vic-sur-Cère;15;Auvergne-Rhône-Alpes;44.99855817716525;2.6509547747161863;4077.0;0.0;0.0
16015;Angoulême;16;Nouvelle-Aquitaine;45.57704354025153;0.19728705628512902;138356.0;5.499999999;3.97525224710168
16028;Barbezieux-Saint-Hilaire;16;Nouvelle-Aquitaine;45.45441865222143;-0.18630702000004484;20435.0;2.267857143;11.097906253976022
16070;Chabanais;16;Nouvelle-Aquitaine;45.87885892714515;0.6673467563632701;11083.0;0.0;0.0
16073;Chalais;16;Nouvelle-Aquitaine;45.32918161828569;0.057748278655436455;11127.0;0.0;0.0
16078;Champniers;16;Nouvelle-Aquitaine;45.76453503160329;0.1762319449061248;20786.0;0.0;0.0
16085;Chasseneuil-sur-Bonnieure;16;Nouvelle-Aquitaine;45.83323719436006;0.49768927848578803;10822.0;0.0;0.0
16090;Châteauneuf-sur-Charente;16;Nouvelle-Aquitaine;45.53258814005079;-0.02026303218076767;10434.0;0.0;0.0
16102;Cognac;16;Nouvelle-Aquitaine;45.708165993725785;-0.3540669307251654;44399.0;4.2;9.459672515146739
16106;Confolens;16;Nouvelle-Aquitaine;46.04796476729023;0.655706888625925;11121.0;0.677777778;6.094575829511735
16167;Jarnac;16;Nouvelle-Aquitaine;45.75138148297472;-0.09656108091541096;23003.0;0.0;0.0
16206;Mansle-les-Fontaines;16;Nouvelle-Aquitaine;45.89989437946843;0.10578587386286677;12981.0;0.0;0.0
16281;La Rochefoucauld-en-Angoumois;16;Nouvelle-Aquitaine;45.70803772884482;0.4237200019261558;22338.0;1.333333332;5.968902014504432
16292;Ruffec;16;Nouvelle-Aquitaine;46.00493975477812;0.2292726909066055;15494.0;0.0;0.0
16366;Segonzac;16;Nouvelle-Aquitaine;45.58810058376569;-0.22500068200359213;4942.0;0.0;0.0
17003;Aigrefeuille-d'Aunis;17;Nouvelle-Aquitaine;46.10338765820924;-0.9317872634970119;24897.0;0.0;0.0
17024;Aulnay;17;Nouvelle-Aquitaine;46.01896214849582;-0.320537077525473;5491.0;0.0;0.0
17093;Le Château-d'Oléron;17;Nouvelle-Aquitaine;45.85644616809202;-1.2261797355468564;6595.0;0.0;0.0
17131;Cozes;17;Nouvelle-Aquitaine;45.568858054151654;-0.8221165376127361;13686.0;0.0;0.0
17140;Dolus-d'Oléron;17;Nouvelle-Aquitaine;45.90910646344431;-1.2574628663049725;3199.0;0.0;0.0
17161;La Flotte;17;Nouvelle-Aquitaine;46.19646759501188;-1.409757368443976;17961.0;1.0;5.567618729469405
17168;Fouras;17;Nouvelle-Aquitaine;45.98662149406334;-1.0420338345526694;6633.0;0.0;0.0
17172;Gémozac;17;Nouvelle-Aquitaine;45.5725012350538;-0.6710572462296684;7949.0;0.0;0.0
17197;Jonzac;17;Nouvelle-Aquitaine;45.45607000048884;-0.506992602548468;22528.0;0.458333333;2.0345052068536935
17218;Marans;17;Nouvelle-Aquitaine;46.3244372694447;-0.985280825854156;18207.0;0.333333333;1.8307976767177458
17219;Marennes-Hiers-Brouage;17;Nouvelle-Aquitaine;45.82007545295134;-1.0714929636605903;11785.0;0.0;0.0
17224;Matha;17;Nouvelle-Aquitaine;45.87280533742957;-0.26353309511761047;11796.0;0.0;0.0
17236;Mirambeau;17;Nouvelle-Aquitaine;45.38292174742392;-0.578653880021374;4320.0;0.0;0.0
17240;Montendre;17;Nouvelle-Aquitaine;45.2788638167095;-0.3960178610074002;10214.0;0.0;0.0
17241;Montguyon;17;Nouvelle-Aquitaine;45.221401871106025;-0.21943468446254547;11591.0;0.0;0.0
17283;Pons;17;Nouvelle-Aquitaine;45.593670007834874;-0.5028031303369673;11407.0;0.0;0.0
17299;Rochefort;17;Nouvelle-Aquitaine;45.91612006488718;-0.8809510590829899;68012.0;3.633333333;5.342194514203376
17300;La Rochelle;17;Nouvelle-Aquitaine;46.164871760788074;-1.064306109258495;179466.0;22.049999994;12.286449797733274
17306;Royan;17;Nouvelle-Aquitaine;45.65170929391998;-1.021592228368072;47609.0;5.3499999990000005;11.237371083198557
17347;Saint-Jean-d'Angély;17;Nouvelle-Aquitaine;45.960048867753045;-0.5226454855764013;21685.0;2.0;9.222965183306433
17385;Saint-Pierre-d'Oléron;17;Nouvelle-Aquitaine;45.968485629078124;-1.3239317986375487;12774.0;0.0;0.0
17397;Saint-Savinien;17;Nouvelle-Aquitaine;45.886858532624586;-0.6612458394790847;3447.0;0.0;0.0
17415;Saintes;17;Nouvelle-Aquitaine;45.757385661955254;-0.6561230095468765;71868.0;4.4;6.122335392664329
17421;Saujon;17;Nouvelle-Aquitaine;45.71610217774005;-0.9102961645521913;20266.0;0.0;0.0
17434;Surgères;17;Nouvelle-Aquitaine;46.14812485006052;-0.7509255030638983;40334.0;1.749999999;4.338771257499876
17452;La Tremblade;17;Nouvelle-Aquitaine;45.739652690149235;-1.159860016203352;15268.0;0.0;0.0
18015;Aubigny-sur-Nère;18;Centre-Val de Loire;47.4704747866695;2.415656106765945;14697.0;0.0;0.0
18033;Bourges;18;Centre-Val de Loire;47.0968407902107;2.5405066372343224;120027.0;7.666666666;6.387451711698201
18057;Châteaumeillant;18;Centre-Val de Loire;46.574463949201906;2.2671039700817834;6233.0;0.0;0.0
18087;Dun-sur-Auron;18;Centre-Val de Loire;46.89261491876802;2.624155119737801;7062.0;0.0;0.0
18108;La Guerche-sur-l'Aubois;18;Centre-Val de Loire;46.96355603858478;2.8672087131637753;8109.0;0.0;0.0
18109;Henrichemont-Menetou-Salon;18;Centre-Val de Loire;47.31972521635972;2.519409985469904;4576.0;0.0;0.0
18127;Lignières;18;Centre-Val de Loire;46.7618543412894;2.1497435977079853;4066.0;0.0;0.0
18141;Mehun-sur-Yèvre;18;Centre-Val de Loire;47.12231083424647;2.2122583302352092;14920.0;0.0;0.0
18197;Saint-Amand-Montrond;18;Centre-Val de Loire;46.724600379805125;2.5347308934603596;31526.0;2.0;6.343970056461333
18207;Saint-Florent-sur-Cher;18;Centre-Val de Loire;46.96862560308701;2.220436010413681;12425.0;0.0;0.0
18223;Saint-Martin-d'Auxigny;18;Non renseigné;47.21710508087765;2.4191571940645784;5082.0;0.0;0.0
18242;Sancoins;18;Centre-Val de Loire;46.77993142429071;2.9113223080330113;8555.0;0.0;0.0
18279;Vierzon;18;Centre-Val de Loire;47.23136260362917;2.0279168738030964;43284.0;0.0;0.0
19010;Argentat-sur-Dordogne;19;Nouvelle-Aquitaine;45.09950274340994;2.002130865126303;10085.0;0.0;0.0
19028;Bort-les-Orgues;19;Nouvelle-Aquitaine;45.394844665720406;2.4979519926001355;12434.0;0.0;0.0
19031;Brive-la-Gaillarde;19;Nouvelle-Aquitaine;45.13599086054739;1.535258090743325;105011.0;8.999999998;8.570530704402396
19073;Égletons;19;Nouvelle-Aquitaine;45.35640311278909;2.050064153346224;9979.0;0.0;0.0
19121;Lubersac;19;Nouvelle-Aquitaine;45.42883496598248;1.3807424014420615;7274.0;0.333333333;4.582531385757493
19138;Meyssac;19;Nouvelle-Aquitaine;45.04056825809099;1.67323851642582;6640.0;0.0;0.0
19153;Objat;19;Nouvelle-Aquitaine;45.2850224225607;1.3467518138832058;12624.0;0.0;0.0
19255;Seilhac;19;Nouvelle-Aquitaine;45.4018332336335;1.7067444883435947;7572.0;0.0;0.0
19272;Tulle;19;Nouvelle-Aquitaine;45.29620199915448;1.8203458245724093;34563.0;3.833333333;11.090858238578829
19275;Ussel;19;Nouvelle-Aquitaine;45.578783058271384;2.2825750498392123;28664.0;1.646825397;5.745274201088473
19276;Uzerche;19;Nouvelle-Aquitaine;45.45208393927598;1.564548617421541;9627.0;0.0;0.0
21023;Arnay-le-Duc;21;Bourgogne-Franche-Comté;47.13188655100778;4.4571642522592745;4797.0;0.0;0.0
21038;Auxonne;21;Bourgogne-Franche-Comté;47.246486762514444;5.405058591937385;22218.0;0.333333333;1.5002850526600056
21054;Beaune;21;Bourgogne-Franche-Comté;47.05085116449293;4.806151111247539;43843.0;1.333333333;3.041154421458385
21154;Châtillon-sur-Seine;21;Bourgogne-Franche-Comté;47.831652115210844;4.650158210509818;17686.0;0.0;0.0
21231;Dijon;21;Bourgogne-Franche-Comté;47.35402718863566;4.919912136495907;311165.0;27.749999995;8.918098113541047
21292;Genlis;21;Bourgogne-Franche-Comté;47.17879802258261;5.209337768626321;40921.0;0.0;0.0
21317;Is-sur-Tille;21;Bourgogne-Franche-Comté;47.60974342802058;5.195205169268987;30993.0;0.75;2.4199012680282648
21416;Mirebeau-sur-Bèze;21;Non renseigné;47.405965261846944;5.3326762996162325;3403.0;0.0;0.0
21425;Montbard;21;Bourgogne-Franche-Comté;47.65957027842413;4.3495521640422;9549.0;0.5;5.2361503822389786
21464;Nuits-Saint-Georges;21;Bourgogne-Franche-Comté;47.13793752925163;4.955238897012048;14457.0;0.25;1.729266099467386
21501;Pouilly-en-Auxois;21;Bourgogne-Franche-Comté;47.29598449148178;4.546126518251323;8266.0;0.0;0.0
21584;Saulieu;21;Bourgogne-Franche-Comté;47.240185370229575;4.185017446283181;9664.0;0.0;0.0
21603;Semur-en-Auxois;21;Bourgogne-Franche-Comté;47.46261681863384;4.297220258374471;12080.0;0.0;0.0
21607;Seurre;21;Bourgogne-Franche-Comté;47.00671167047975;5.1436170785495126;9474.0;0.0;0.0
21663;Venarey-les-Laumes;21;Bourgogne-Franche-Comté;47.554640377560204;4.5675963267864805;8637.0;0.0;0.0
22004;Bégard;22;Bretagne;48.57749363902063;-3.377453059957311;19159.0;0.0;0.0
22020;Broons;22;Bretagne;48.295147361438936;-2.237643737419184;14295.0;0.0;0.0
22025;Callac;22;Bretagne;48.41088606678297;-3.412489323543034;5635.0;0.0;0.0
22050;Dinan;22;Bretagne;48.431797892711906;-2.0392067414146613;79415.0;3.083333333;3.8825578706793427
22054;Erquy;22;Bretagne;48.622359655811344;-2.4010807453638603;8680.0;0.0;0.0
22055;Binic-Étables-sur-Mer;22;Bretagne;48.62654544115552;-2.871716061127367;15047.0;0.5;3.3229215125938727
22070;Guingamp;22;Bretagne;48.5286254376851;-3.1673167024072812;37301.0;1.0;2.6808932736387767
22093;Lamballe-Armor;22;Bretagne;48.39823414970673;-2.487301944057587;47704.0;2.95;6.183967801442228
22113;Lannion;22;Bretagne;48.70579924105209;-3.464555020776679;64553.0;4.45;6.89356033027125
22121;Lanvollon;22;Bretagne;48.63100065764829;-3.000465721540645;8765.0;0.0;0.0
22136;Loudéac;22;Bretagne;48.17484957129932;-2.720641796274277;39967.0;1.0;2.502064202967448
22143;Matignon;22;Bretagne;48.57713754623127;-2.317936637361838;8776.0;0.0;0.0
22147;Merdrignac;22;Bretagne;48.17550602120325;-2.420445587240901;7111.0;0.0;0.0
22162;Paimpol;22;Bretagne;48.74556497238599;-3.0636709486337796;23027.0;0.5;2.1713640508967735
22172;Plancoët;22;Bretagne;48.50033702483621;-2.2351351013422804;13037.0;0.0;0.0
22186;Pléneuf-Val-André;22;Bretagne;48.56530051090213;-2.5172160386429896;6385.0;0.0;0.0
22194;Plestin-les-Grèves;22;Bretagne;48.629089549530875;-3.606683151064758;4577.0;0.0;0.0
22203;Plœuc-L'Hermitage;22;Bretagne;48.33992134101017;-2.756557512802341;5681.0;0.0;0.0
22206;Châtelaudren-Plouagat;22;Bretagne;48.52053612423175;-2.9780270532086885;12115.0;0.0;0.0
22222;Plouha;22;Bretagne;48.683959515351425;-2.934333499387026;4886.0;0.0;0.0
22262;Quintin;22;Bretagne;48.396681998936664;-2.9180455486041064;16205.0;0.0;0.0
22266;Rostrenen;22;Bretagne;48.26635146149827;-3.216723104957265;18577.0;0.0;0.0
22278;Saint-Brieuc;22;Bretagne;48.47764081888336;-2.7514321997025393;129677.0;11.1;8.559729173253546
22362;Tréguier;22;Bretagne;48.7795135593228;-3.230281005250479;23876.0;1.0;4.188306248952924
23008;Aubusson;23;Nouvelle-Aquitaine;45.89494112991523;2.248840226964001;19802.0;0.888888888;4.488884395515605
23013;Auzances;23;Nouvelle-Aquitaine;45.98804959883173;2.5227731781863576;5723.0;0.0;0.0
23025;Bonnat;23;Nouvelle-Aquitaine;46.332400312399;1.9008284585152813;3317.0;0.0;0.0
23030;Bourganeuf;23;Nouvelle-Aquitaine;45.91301137326243;1.7808372692625822;8388.0;0.0;0.0
23031;Boussac;23;Nouvelle-Aquitaine;46.36465339747714;2.231040776699581;6065.0;0.0;0.0
23075;Dun-le-Palestel;23;Nouvelle-Aquitaine;46.319279357524536;1.674712478495119;5861.0;0.0;0.0
23076;Évaux-les-Bains;23;Nouvelle-Aquitaine;46.16992079304895;2.4422669853163965;5192.0;0.0;0.0
23096;Guéret;23;Nouvelle-Aquitaine;46.16734097345114;2.0143993915985754;44054.0;1.174603176;2.6662804194851772
23176;La Souterraine;23;Nouvelle-Aquitaine;46.24122566475598;1.4784038761929765;22676.0;1.0;4.409948844593403
24037;Bergerac;24;Nouvelle-Aquitaine;44.85554556719722;0.4955343172582472;59261.0;6.035714286;10.184968674170197
24064;Brantôme en Périgord;24;Nouvelle-Aquitaine;45.37366392376744;0.6678019808988446;8087.0;0.0;0.0
24067;Le Bugue;24;Nouvelle-Aquitaine;44.877729957604735;0.9324826293139725;17203.0;2.0;11.625879207115037
24164;Excideuil;24;Nouvelle-Aquitaine;45.31234048551069;1.0899728700053817;12690.0;1.25;9.850275807722618
24167;Eymet;24;Nouvelle-Aquitaine;44.665370082138246;0.4265328719080738;6325.0;0.0;0.0
24223;Lalinde;24;Nouvelle-Aquitaine;44.776871137357944;0.7857510298876206;15645.0;0.0;0.0
24291;Montignac-Lascaux;24;Nouvelle-Aquitaine;45.0846953450587;1.0761005348603696;13162.0;0.0;0.0
24294;Montpon-Ménestérol;24;Nouvelle-Aquitaine;45.021514923171104;0.1541009670431755;17446.0;1.0;5.7319729450876995
24299;Mussidan;24;Nouvelle-Aquitaine;45.03337302101763;0.3598810362257965;10296.0;0.0;0.0
24309;Neuvic;24;Nouvelle-Aquitaine;45.07343909513828;0.4928315519819025;8851.0;0.0;0.0
24311;Nontron;24;Nouvelle-Aquitaine;45.54180372886704;0.6402806738874588;18903.0;0.5;2.6450827910913612
24322;Périgueux;24;Nouvelle-Aquitaine;45.191729567666115;0.7323683901263089;102612.0;12.142857143;11.833759348809107
24352;Ribérac;24;Nouvelle-Aquitaine;45.28906470513678;0.3274412155819338;17512.0;1.392857143;7.953729688213797
24372;Saint-Astier;24;Nouvelle-Aquitaine;45.14571760799053;0.5333414245619172;10829.0;0.75;6.925847261981716
24396;Saint-Cyprien;24;Nouvelle-Aquitaine;44.869042284568714;1.0598671996324633;4063.0;0.25;6.153088850603003
24520;Sarlat-la-Canéda;24;Nouvelle-Aquitaine;44.88210450843551;1.2382245310199924;29257.0;0.0;0.0
24547;Terrasson-Lavilledieu;24;Nouvelle-Aquitaine;45.15476878988428;1.2469709457531926;15877.0;0.0;0.0
24551;Thiviers;24;Nouvelle-Aquitaine;45.43251187726112;0.9178545768542573;14310.0;0.0;0.0
24571;Vergt;24;Nouvelle-Aquitaine;45.00759086750236;0.6844365474931619;4712.0;0.0;0.0
25047;Baume-les-Dames;25;Bourgogne-Franche-Comté;47.37768786812594;6.358159428583404;13756.0;0.0;0.0
25056;Besançon;25;Bourgogne-Franche-Comté;47.25452654641806;5.967770302986642;188020.0;22.999999994;12.23274119455377
25315;L'Isle-sur-le-Doubs;25;Bourgogne-Franche-Comté;47.430616443536195;6.544519283030223;9815.0;0.0;0.0
25356;Maîche;25;Bourgogne-Franche-Comté;47.27217082131239;6.860706329103144;16989.0;0.0;0.0
25388;Montbéliard;25;Bourgogne-Franche-Comté;47.48163316209605;6.79194194162032;136788.0;5.666666666;4.1426635859870755
25411;Morteau;25;Bourgogne-Franche-Comté;47.071318221814494;6.559161279006093;31756.0;0.0;0.0
25434;Ornans;25;Bourgogne-Franche-Comté;47.07067600116675;6.102746512392999;15016.0;1.0;6.659563132658497
25462;Pontarlier;25;Bourgogne-Franche-Comté;46.848815217945315;6.238324063359798;63245.0;2.0;3.1623053205787017
25463;Pont-de-Roide-Vermondans;25;Bourgogne-Franche-Comté;47.37412649275227;6.7629400557427175;14874.0;0.0;0.0
25495;Roche-lez-Beaupré;25;Bourgogne-Franche-Comté;47.30496144827173;6.178158895058218;9534.0;0.0;0.0
25512;Le Russey;25;Bourgogne-Franche-Comté;47.16481147593325;6.708600481475182;6092.0;0.0;0.0
25527;Saint-Vit;39;Bourgogne-Franche-Comté;47.161167960148816;5.752353577069067;20932.0;0.0;0.0
25532;Saône;25;Bourgogne-Franche-Comté;47.225435896923116;6.1938285399539215;10391.0;0.0;0.0
25578;Valdahon;25;Bourgogne-Franche-Comté;47.193551683119544;6.443832905541354;26949.0;0.0;0.0
26037;Beaumont-lès-Valence;26;Auvergne-Rhône-Alpes;44.828218338689844;4.9789718531966844;13199.0;0.0;0.0
26063;Buis-les-Baronnies;26;Auvergne-Rhône-Alpes;44.292557910740356;5.322922328375562;4590.0;0.0;0.0
26064;Chabeuil;26;Auvergne-Rhône-Alpes;44.893059293097046;5.062487982005242;14503.0;3.0;20.68537543956423
26108;Crest;26;Auvergne-Rhône-Alpes;44.745636325486785;5.115990921388286;21012.0;2.0;9.518370454978108
26113;Die;26;Auvergne-Rhône-Alpes;44.68859948976687;5.421667879155136;11394.0;0.0;0.0
26114;Dieulefit;26;Auvergne-Rhône-Alpes;44.55422928350194;5.13894341876703;7498.0;0.0;0.0
26116;Donzère;26;Auvergne-Rhône-Alpes;44.4303415306085;4.718229042827174;6706.0;0.0;0.0
26165;Livron-sur-Drôme;26;Auvergne-Rhône-Alpes;44.74311547223357;4.819973570176546;29629.0;1.0;3.3750717202740557
26176;Marsanne;26;Auvergne-Rhône-Alpes;44.62027228923741;4.961244621516187;6030.0;0.0;0.0
26198;Montélimar;26;Auvergne-Rhône-Alpes;44.55694785325107;4.742493821462566;89691.0;8.566666665;9.551311352309595
26220;Nyons;26;Auvergne-Rhône-Alpes;44.41875101500006;5.269364549400852;13642.0;0.0;0.0
26235;Pierrelatte;26;Auvergne-Rhône-Alpes;44.371744848712034;4.710480123077491;14900.0;0.5;3.355704697986577
26281;Romans-sur-Isère;26;Auvergne-Rhône-Alpes;45.045249211460934;5.1087790321472575;82649.0;5.983333333;7.239450366005638
26301;Saint-Donat-sur-l'Herbasse;26;Auvergne-Rhône-Alpes;45.14417162405066;4.986427051949494;12415.0;0.0;0.0
26307;Saint-Jean-en-Royans;26;Auvergne-Rhône-Alpes;44.96492021721919;5.346726616450695;13276.0;0.0;0.0
26324;Saint-Paul-Trois-Châteaux;26;Auvergne-Rhône-Alpes;44.350467567738995;4.812180561168328;13559.0;0.0;0.0
26325;Saint-Rambert-d'Albon;26;Auvergne-Rhône-Alpes;45.27846196057537;4.897035889261957;21782.0;0.0;0.0
26333;Saint-Vallier;26;Auvergne-Rhône-Alpes;45.191583716850836;4.8315440190252295;22074.0;0.0;0.0
26362;Valence;26;Auvergne-Rhône-Alpes;44.93679603401817;4.850291583963363;150041.0;16.516666666;11.008102229390632
27016;Les Andelys;27;Normandie;49.257621501050004;1.423958478802482;16599.0;0.0;0.0
27051;Beaumont-le-Roger;27;Normandie;49.06796440653132;0.7837204271601114;9361.0;0.0;0.0
27056;Bernay;27;Normandie;49.0432771953845;0.5672892007728602;33258.0;2.0;6.013590715015936
27065;Beuzeville;27;Normandie;49.34689300749087;0.3521563359032087;11899.0;0.0;0.0
27103;Bourg-Achard;27;Normandie;49.35640302988511;0.7854530423605318;21985.0;0.0;0.0
27105;Grand Bourgtheroulde;27;Normandie;49.28629917461212;0.8438676691885261;5845.0;0.0;0.0
27112;Breteuil;27;Normandie;48.85462303935159;0.8924776391359075;8076.0;0.0;0.0
27116;Brionne;27;Normandie;49.194387705002896;0.7201997132471935;16049.0;0.0;0.0
27165;Conches-en-Ouche;27;Normandie;48.97296390186471;0.9048350298689264;14011.0;0.0;0.0
27170;Cormeilles;27;Normandie;49.245224194124006;0.3736806108714035;3714.0;1.5;40.38772213247173
27198;Mesnils-sur-Iton;27;Normandie;48.86407575961909;1.0761581698602827;8900.0;0.0;0.0
27226;Étrépagny;27;Normandie;49.33102887100342;1.597467551046468;11291.0;0.0;0.0
27229;Évreux;27;Normandie;49.03098261916099;1.1249009491099486;86162.0;11.066666664;12.844022497156518
27246;Fleury-sur-Andelle;27;Normandie;49.40426540904829;1.4139521972969251;15562.0;0.0;0.0
27275;Gaillon;27;Normandie;49.14747205220215;1.3213401233349538;27483.0;0.0;0.0
27284;Gisors;27;Normandie;49.29920231991148;1.7624583160692504;30843.0;0.5;1.621113380669844
27306;Guichainville;27;Non renseigné;48.96059853850619;1.1941945184092797;5745.0;0.0;0.0
27375;Louviers;27;Normandie;49.2107251763635;1.1662275353268625;60097.0;1.5;2.4959648568148163
27428;Le Neubourg;27;Normandie;49.14214010726207;0.9236126471635933;18133.0;0.5;2.7574036287431754
27448;Pacy-sur-Eure;27;Normandie;49.02136243947023;1.3631555320978244;16796.0;1.2;7.14455822814956
27467;Pont-Audemer;27;Normandie;49.32520524975816;0.540853991482724;39452.0;1.2;3.041670891209571
27469;Pont-de-l'Arche;27;Normandie;49.32115386273363;1.231029844198388;22649.0;0.0;0.0
27507;Saint-André-de-l'Eure;27;Normandie;48.89938068375166;1.266589510539207;8825.0;0.0;0.0
27679;Verneuil d'Avre et d'Iton;27;Normandie;48.719993128061404;0.9342037240048878;17079.0;1.7;9.953744364424146
27681;Vernon;27;Normandie;49.131999939201314;1.5398014657106573;50897.0;5.333333332;10.478679159871897
28007;Anet;28;Centre-Val de Loire;48.89790283927923;1.4726164418411793;42917.0;0.2;0.46601579793555004
28015;Auneau-Bleury-Saint-Symphorien;28;Centre-Val de Loire;48.42508555649956;1.7773931372510194;16813.0;0.0;0.0
28051;Bonneval;28;Centre-Val de Loire;48.19827210287536;1.4310607501788268;10500.0;0.0;0.0
28061;Brou;28;Centre-Val de Loire;48.140125519483085;1.0992781887839616;16902.0;0.333333333;1.972153194888179
28085;Chartres;28;Centre-Val de Loire;48.4196645705293;1.487156406184284;122352.0;12.453968253;10.178802351412317
28088;Châteaudun;28;Centre-Val de Loire;48.07469608415358;1.373914056379943;22116.0;0.5;2.2608066558147946
28089;Châteauneuf-en-Thymerais;28;Centre-Val de Loire;48.58142391136259;1.2507310671031897;11924.0;0.0;0.0
28103;Cloyes-les-Trois-Rivières;28;Centre-Val de Loire;47.988368861245;1.2562083633162953;6620.0;0.0;0.0
28116;Courville-sur-Eure;28;Centre-Val de Loire;48.45339774899823;1.2184463136268329;12854.0;0.0;0.0
28134;Dreux;28;Centre-Val de Loire;48.741818788712116;1.3064695416074517;86991.0;3.6;4.138359140600752
28140;Épernon;78;Île-de-France;48.5964265030531;1.6802955805695383;22536.0;0.0;0.0
28196;Illiers-Combray;28;Centre-Val de Loire;48.31586857963424;1.2419452727568536;10983.0;0.0;0.0
28199;Janville-en-Beauce;28;Centre-Val de Loire;48.190103277844464;1.9124712899893734;11493.0;0.0;0.0
28214;La Loupe;28;Centre-Val de Loire;48.45658540084295;1.0118412217751505;9835.0;0.0;0.0
28227;Maintenon;28;Centre-Val de Loire;48.57967337053116;1.5602071826328017;15406.0;0.0;0.0
28279;Nogent-le-Roi;28;Centre-Val de Loire;48.65189898721069;1.5045430736609802;13701.0;0.0;0.0
28280;Nogent-le-Rotrou;28;Centre-Val de Loire;48.33996455120052;0.8816267864826466;29719.0;3.983333333;13.40332222820418
28373;Senonches;28;Centre-Val de Loire;48.60499556042213;1.014777073087469;6388.0;0.0;0.0
28422;Les Villages Vovéens;28;Centre-Val de Loire;48.25864387855569;1.6471282350286505;9952.0;0.0;0.0
29004;Bannalec;29;Bretagne;47.938979027776924;-3.678672005657941;6725.0;0.0;0.0
29019;Brest;29;Bretagne;48.41099454043528;-4.523414749049538;231825.0;26.166666663;11.28724971983177
29020;Briec;29;Bretagne;48.09345862835226;-3.998939500731605;11650.0;1.25;10.729613733905579
29024;Carhaix-Plouguer;29;Bretagne;48.31111363691132;-3.610367244625925;23636.0;1.416666666;5.993681951260789
29026;Châteaulin;29;Bretagne;48.21070927250497;-4.13161847651744;19772.0;1.666666666;8.429428818531255
29027;Châteauneuf-du-Faou;29;Bretagne;48.21460538536259;-3.8010280982091462;13078.0;0.0;0.0
29039;Concarneau;29;Bretagne;47.85460762615838;-3.795063908075513;37941.0;1.083333333;2.8553104372578475
29042;Crozon;29;Bretagne;48.254451212833864;-4.433896182373712;16454.0;0.0;0.0
29046;Douarnenez;29;Bretagne;48.07065088707977;-4.304694401691461;24392.0;0.833333333;3.416420683010823
29053;Le Faou;29;Bretagne;48.31775604993995;-4.179534728642262;11377.0;0.0;0.0
29058;Fouesnant;29;Bretagne;47.899179484408265;-4.0414720415768;26204.0;1.0;3.816211265455656
29069;Guilers;29;Bretagne;48.454491379804594;-4.569340838441166;13407.0;0.0;0.0
29103;Landerneau;29;Bretagne;48.4395851129995;-4.216610510067373;39849.0;0.333333333;0.836491086350975
29105;Landivisiau;29;Bretagne;48.47979523478657;-4.050096188100013;29689.0;0.5;1.684125433662299
29113;Lanmeur;29;Bretagne;48.651446584272826;-3.6993688977530796;5974.0;0.0;0.0
29124;Lesneven;29;Bretagne;48.58906967957297;-4.3079054829914964;34387.0;3.0;8.724227178875738
29147;Mellac;29;Bretagne;47.893979159205735;-3.617968358867225;5056.0;0.0;0.0
29150;Moëlan-sur-Mer;29;Bretagne;47.8010836146029;-3.610353001084068;11457.0;0.0;0.0
29151;Morlaix;29;Bretagne;48.54347972285559;-3.840869125870429;54883.0;5.5;10.021318076635753
29160;Plabennec;29;Bretagne;48.51149181765007;-4.437077641540938;12654.0;0.0;0.0
29162;Pleyben;29;Bretagne;48.2462990568453;-3.9555835519249096;7003.0;0.0;0.0
29174;Plonéour-Lanvern;29;Bretagne;47.914212793646676;-4.288959800876052;8253.0;0.0;0.0
29178;Ploudalmézeau;29;Bretagne;48.51949298011609;-4.669477227456518;18174.0;0.0;0.0
29195;Plouguerneau;29;Bretagne;48.590120389689176;-4.512641024133393;16166.0;0.0;0.0
29197;Plouhinec;29;Bretagne;48.00716524504697;-4.50797508708791;16832.0;0.25;1.4852661596958174
29199;Plouigneau;29;Bretagne;48.49950911718779;-3.637255947145216;9096.0;0.0;0.0
29218;Pont-Croix;29;Bretagne;48.05336349731552;-4.468415400178026;4559.0;0.0;0.0
29220;Pont-l'Abbé;29;Bretagne;47.84896703632213;-4.246958816212036;38294.0;1.333333332;3.481833530056928
29232;Quimper;29;Bretagne;48.00235403622373;-4.132134734593433;94542.0;10.833333328;11.458752012862009
29233;Quimperlé;29;Bretagne;47.874870491901596;-3.5251485009360266;20460.0;0.25;1.2218963831867058
29241;Rosporden;29;Bretagne;47.996072329563795;-3.850618036342177;21483.0;0.0;0.0
29259;Saint-Pol-de-Léon;29;Bretagne;48.65610335442369;-4.053593267028466;27297.0;0.25;0.915851558779353
29260;Saint-Renan;29;Bretagne;48.42771848782955;-4.69785524533372;18452.0;2.5;13.548666811185779
29274;Scaër;29;Bretagne;48.03365230196791;-3.6865213928222067;7215.0;0.0;0.0
2A004;Ajaccio;2A;Corse;42.107450099084126;8.840071455570193;112643.0;8.233333331;7.309227675931927
2A041;Bonifacio;2A;Corse;41.48126897310033;9.125813656407598;6405.0;1.0;15.6128024980484
2A130;Grosseto-Prugna;2A;Corse;41.87413998404098;9.001506798721463;11479.0;1.166666666;10.1634869413712
2A247;Porto-Vecchio;2A;Corse;41.655650228343;9.2607730989466;20593.0;2.833333333;13.758720599232749
2A249;Propriano;2A;Corse;41.72908616619447;8.939280109653712;9674.0;0.5;5.168492867479842
2A272;Sartène;2A;Corse;41.659805964436245;9.048019770043082;6067.0;1.5;24.723916268336907
2B033;Bastia;2B;Corse;42.77414565608461;9.391197677696578;78577.0;6.5;8.27214070275017
2B042;Borgo;2B;Corse;42.49445878620241;9.356088494043359;29040.0;3.25;11.191460055096417
2B050;Calvi;2B;Corse;42.44853758914222;8.78609944912099;11288.0;0.0;0.0
2B096;Corte;2B;Corse;42.32168033213593;9.122080368617636;14504.0;1.75;12.065637065637066
2B123;Ghisonaccia;2B;Corse;42.13081870372163;9.376878508079706;10299.0;0.0;0.0
2B134;L'Île-Rousse;2B;Corse;42.573374316325385;9.033290727396174;12708.0;1.0;7.869058860560277
2B207;Penta-di-Casinca;2B;Corse;42.358184974053124;9.456738259975864;17207.0;1.5;8.717382460626489
2B251;Prunelli-di-Fiumorbo;2B;Corse;41.93091477849352;9.320439737945875;9775.0;0.0;0.0
2B298;Saint-Florent;2B;Corse;42.671558139009676;9.241660133785127;5227.0;0.0;0.0
30003;Aigues-Mortes;30;Occitanie;43.53341996974988;4.163995387950453;25727.0;1.25;4.858708749562717
30006;Aimargues;30;Occitanie;43.664019018297154;4.224891571891217;8283.0;0.0;0.0
30007;Alès;30;Occitanie;44.12198296137169;4.140262336963046;100512.0;8.208333333;8.166520746776506
30010;Anduze;30;Occitanie;44.03269524100853;3.9990135717018123;17258.0;0.0;0.0
30028;Bagnols-sur-Cèze;30;Occitanie;44.13970086774878;4.563452342828348;51340.0;1.666666666;3.246331643942345
30029;Barjac;30;Occitanie;44.29570472481836;4.375974853291647;6147.0;0.0;0.0
30032;Beaucaire;30;Occitanie;43.82247328047002;4.641058167203737;53174.0;1.0;1.8806183473125964
30034;Bellegarde;30;Occitanie;43.751751898095044;4.494896529962579;8035.0;0.0;0.0
30037;Bessèges;30;Occitanie;44.31371412643666;4.089417405388236;5345.0;0.0;0.0
30047;Bouillargues;30;Occitanie;43.790049870511496;4.436183318860204;11451.0;0.0;0.0
30061;La Calmette;30;Non renseigné;43.93621375358756;4.311974409250604;6924.0;0.0;0.0
30062;Calvisson;30;Occitanie;43.777568524742705;4.185560644825648;14886.0;0.833333333;5.598101121859465
30132;La Grand-Combe;30;Occitanie;44.285144468282965;3.9407434510874246;16380.0;0.5;3.0525030525030523
30155;Manduel;30;Occitanie;43.815314598183676;4.497046259185201;11255.0;0.0;0.0
30189;Nîmes;30;Occitanie;43.82822213633489;4.346366332843102;211596.0;21.933333329;10.365665385451521
30202;Pont-Saint-Esprit;30;Occitanie;44.27150956500665;4.5826377387137365;20162.0;0.0;0.0
30210;Quissac;30;Occitanie;43.90516292019547;4.0040030310336245;8840.0;0.0;0.0
30212;Remoulins;30;Occitanie;43.95640985373317;4.557980743923136;13303.0;0.125;0.9396376757122453
30217;Rochefort-du-Gard;30;Occitanie;43.97313245798619;4.678441020848491;13861.0;0.0;0.0
30221;Roquemaure;30;Occitanie;44.043855567781556;4.7389080484466914;15059.0;0.0;0.0
30227;Saint-Ambroix;30;Occitanie;44.25613130502066;4.208947906457864;17150.0;0.0;0.0
30255;Saint-Geniès-de-Malgoirès;30;Occitanie;43.95383974831869;4.195898424794965;19433.0;1.0;5.1458858642515315
30258;Saint-Gilles;30;Occitanie;43.65907973065456;4.407919815729816;14734.0;0.0;0.0
30263;Saint-Hippolyte-du-Fort;30;Occitanie;43.97634201831701;3.853447860128951;8136.0;0.0;0.0
30269;Saint-Jean-du-Gard;30;Occitanie;44.15525815820325;3.782343435318713;5621.0;0.0;0.0
30321;Sommières;30;Occitanie;43.80793675894925;4.081718772980806;25343.0;0.5;1.9729313814465532
30334;Uzès;30;Occitanie;44.04830985176379;4.389973213952353;26086.0;1.5;5.750210841064172
30341;Vauvert;30;Occitanie;43.639367035819944;4.308876525150825;17737.0;0.676190476;3.812315927157919
30344;Vergèze;30;Occitanie;43.728113889679946;4.201800538660148;16953.0;0.0;0.0
30350;Le Vigan;30;Occitanie;43.99665780913811;3.549179764092665;11987.0;0.0;0.0
31033;Auterive;31;Occitanie;43.320768694380334;1.4888786068754853;22632.0;0.0;0.0
31042;Bagnères-de-Luchon;31;Occitanie;42.78130406052166;0.5644798622304172;5061.0;0.0;0.0
31066;Bessières;31;Occitanie;43.78689045372204;1.5796733530495177;12630.0;0.0;0.0
31080;Boulogne-sur-Gesse;31;Occitanie;43.28382159714255;0.6634638693502564;5663.0;0.0;0.0
31106;Caraman;31;Occitanie;43.536730475026445;1.7753994090658138;7753.0;0.0;0.0
31107;Carbonne;31;Occitanie;43.18947380307913;1.2611894377044348;22002.0;0.0;0.0
31135;Cazères;31;Occitanie;43.239149816764126;1.0701975496480456;15295.0;1.0;6.538084341288003
31202;Fronton;31;Non renseigné;43.849237791096954;1.3854052986923697;9038.0;0.0;0.0
31232;Grenade;31;Occitanie;43.77189205181601;1.2213339837255122;24288.0;1.0;4.117259552042161
31239;L'Isle-en-Dodon;31;Occitanie;43.3627297363822;0.828844823703379;4281.0;0.0;0.0
31324;Martres-Tolosane;31;Occitanie;43.194948768395854;0.9850149478781705;5758.0;0.0;0.0
31358;Montastruc-la-Conseillère;31;Occitanie;43.70958716673685;1.6160696009933715;10690.0;0.0;0.0
31390;Montréjeau;31;Occitanie;42.97554603766974;0.604841890512475;21577.0;0.0;0.0
31396;Nailloux;31;Occitanie;43.37229466425167;1.6003030032162495;6101.0;2.499999998;40.97688900180298
31399;Noé;31;Non renseigné;43.3543049588117;1.2385956336931605;7096.0;0.0;0.0
31421;Pins-Justaret;31;Non renseigné;43.48772308991666;1.4151198887270764;16622.0;0.0;0.0
31451;Revel;31;Occitanie;43.45513178938881;2.0092855242674443;23389.0;0.0;0.0
31454;Rieumes;31;Occitanie;43.405737412918015;1.1183041846952402;15126.0;0.0;0.0
31483;Saint-Gaudens;31;Occitanie;43.11965932828451;0.7853342041199786;37397.0;2.5;6.68502821081905
31499;Saint-Lys;31;Non renseigné;43.49862453750014;1.1296101745564877;14769.0;0.0;0.0
31523;Salies-du-Salat;31;Occitanie;43.09505544623089;0.9679890739776216;9366.0;0.0;0.0
31555;Toulouse;31;Occitanie;43.591732360729644;1.3929896861743871;1135224.0;103.283333317;9.098057591893758
31573;Verfeil;31;Occitanie;43.64295287087327;1.6724180354058156;7956.0;0.0;0.0
31574;Vernet;31;Occitanie;43.43103404586963;1.4638862930653316;9535.0;0.0;0.0
31582;Villefranche-de-Lauragais;31;Occitanie;43.393830707218314;1.719688727641652;31238.0;0.0;0.0
31584;Villemur-sur-Tarn;31;Occitanie;43.88329967552153;1.5229022385817494;14545.0;0.0;0.0
32013;Auch;32;Occitanie;43.64010306603406;0.5918426864462052;37037.0;11.566666666;31.230031228231226
32096;Cazaubon;40;Nouvelle-Aquitaine;43.995793293785546;-0.05662498379723563;8076.0;0.0;0.0
32107;Condom;32;Occitanie;43.95414696343722;0.39098548617329704;13660.0;1.0;7.320644216691068
32119;Eauze;32;Occitanie;43.87664931357127;0.141529844664455;11249.0;1.0;8.889679082585118
32132;Fleurance;32;Occitanie;43.850353726087064;0.6906901123960716;14617.0;0.0;0.0
32147;Gimont;32;Occitanie;43.562432948470914;0.8066008629164548;11107.0;0.0;0.0
32160;L'Isle-Jourdain;32;Occitanie;43.66684724667384;1.0512007059331772;24456.0;1.75952381;7.1946508423290805
32208;Lectoure;32;Occitanie;43.94516673087122;0.6045657040495158;5583.0;0.5;8.955758552749417
32233;Marciac;32;Occitanie;43.520416011236826;0.1922329568570198;2608.0;0.0;0.0
32242;Masseube;32;Occitanie;43.392546463803825;0.5555083999652916;8532.0;0.0;0.0
32249;Mauvezin;32;Occitanie;43.748489295007175;0.8423910249165637;6639.0;0.0;0.0
32256;Mirande;32;Occitanie;43.53400859413889;0.3786338528087438;9156.0;0.0;0.0
32296;Nogaro;32;Occitanie;43.77302207380388;-0.03127667191136811;5681.0;0.0;0.0
32319;Plaisance;32;Occitanie;43.62746391806658;0.06222026525707987;7079.0;0.0;0.0
32344;Riscle;32;Occitanie;43.643050933388935;-0.09718402061554643;4449.0;0.0;0.0
32410;Samatan;32;Occitanie;43.47194766972614;0.9231467834408887;9180.0;0.0;0.0
32462;Vic-Fezensac;32;Occitanie;43.73841263090614;0.32313431179152086;11432.0;0.0;0.0
33005;Andernos-les-Bains;33;Nouvelle-Aquitaine;44.77208614176467;-0.9904110726974926;20047.0;1.0;4.988277547762758
33011;Arès;33;Nouvelle-Aquitaine;44.79491142764231;-1.0804150430595563;6482.0;2.333333333;35.99712022523913
33036;Bazas;33;Nouvelle-Aquitaine;44.33795929007393;-0.3790220014226112;22914.0;1.0;4.3641441913240815
33042;Belin-Béliet;33;Nouvelle-Aquitaine;44.502043320160375;-0.7404696331451353;17109.0;0.2;1.1689753930679758
33051;Biganos;33;Nouvelle-Aquitaine;44.658381226981554;-0.9145714279463568;38766.0;0.5;1.2897900221843883
33058;Blaye;33;Nouvelle-Aquitaine;45.23161219240835;-0.6103020312994175;32889.0;1.511904762;4.596992191918271
33063;Bordeaux;33;Nouvelle-Aquitaine;44.8516935641019;-0.6461307836385775;991755.0;112.015476178;11.294672190006604
33081;Cadillac-sur-Garonne;33;Nouvelle-Aquitaine;44.65017950130805;-0.27712814653278056;14109.0;0.0;0.0
33104;Castelnau-de-Médoc;33;Nouvelle-Aquitaine;45.01104655728168;-0.8581077798641056;16813.0;1.5;8.921667757092726
33108;Castillon-la-Bataille;33;Nouvelle-Aquitaine;44.84040843915833;-0.012144930847844357;20092.0;0.0;0.0
33114;Cavignac;33;Nouvelle-Aquitaine;45.12478730241145;-0.4214468629491254;24368.0;0.0;0.0
33138;Coutras;33;Nouvelle-Aquitaine;45.12497518033921;-0.011155369750975032;32377.0;2.299603175;7.102582620378664
33140;Créon;33;Nouvelle-Aquitaine;44.753070072724;-0.3028617410849121;21642.0;1.0;4.62064504204787
33203;Hourtin;33;Nouvelle-Aquitaine;45.18067614393556;-1.0656612215374033;4045.0;0.333333333;8.240626279357231
33213;La Brède;33;Nouvelle-Aquitaine;44.62682406696873;-0.5677818659536167;16381.0;0.0;0.0
33214;Lacanau;33;Nouvelle-Aquitaine;45.031334998312666;-1.0799642639507554;8154.0;0.0;0.0
33226;Langoiran;33;Nouvelle-Aquitaine;44.71511385941548;-0.3794708394311668;7105.0;0.0;0.0
33227;Langon;33;Nouvelle-Aquitaine;44.53985251798144;-0.245520523557229;41918.0;9.538888887;22.756068722267287
33236;Lège-Cap-Ferret;33;Nouvelle-Aquitaine;44.845867351633345;-1.0986778461850009;12576.0;0.0;0.0
33240;Lesparre-Médoc;33;Nouvelle-Aquitaine;45.324773203751874;-0.9943491004308742;21045.0;2.033333333;9.661835747208363
33243;Libourne;33;Nouvelle-Aquitaine;44.92475424464519;-0.23088738522424596;105361.0;9.835317461;9.334874821803135
33314;Pauillac;33;Nouvelle-Aquitaine;45.17381443669126;-0.8122305550649153;22123.0;0.0;0.0
33327;Podensac;33;Nouvelle-Aquitaine;44.622932360053525;-0.4244453494581997;20069.0;0.2;0.9965618615775574
33352;La Réole;33;Nouvelle-Aquitaine;44.567014811156774;-0.04800668598888194;14870.0;0.0;0.0
33366;Saint-André-de-Cubzac;33;Nouvelle-Aquitaine;45.02276931772719;-0.4696824919752263;53426.0;2.601190476;4.86877265002059
33402;Sainte-Foy-la-Grande;33;Nouvelle-Aquitaine;44.81892690615608;0.21563993835015213;29666.0;0.0;0.0
33478;Saint-Seurin-sur-l'Isle;33;Nouvelle-Aquitaine;45.018126698101305;0.013084093020624622;5464.0;0.0;0.0
33498;Salles;33;Nouvelle-Aquitaine;44.51916187960314;-0.8938450013600611;9416.0;0.0;0.0
33506;Sauveterre-de-Guyenne;33;Nouvelle-Aquitaine;44.70419451353703;-0.08650277429578376;7112.0;0.0;0.0
33514;Soulac-sur-Mer;33;Nouvelle-Aquitaine;45.47015317625143;-1.0818517503806868;8660.0;0.0;0.0
33529;La Teste-de-Buch;33;Nouvelle-Aquitaine;44.57058403672036;-1.1204870155905016;69991.0;7.083333331;10.120348803417583
34003;Agde;34;Occitanie;43.30993368645078;3.4845284292931415;29939.0;2.333333333;7.7936248137880355
34022;Baillargues;34;Occitanie;43.65316538003499;4.026933659362693;14461.0;0.0;0.0
34028;Bédarieux;34;Occitanie;43.67275238744707;3.1265846103124377;17123.0;0.166666667;0.9733496875547508
34031;Bessan;34;Occitanie;43.37921873223033;3.4296770241194525;21504.0;0.0;0.0
34032;Béziers;34;Occitanie;43.39013173704074;3.143832064509534;148420.0;16.292893217;10.977559100525536
34052;Capestang;34;Occitanie;43.31547973221981;3.050248044427264;4309.0;0.0;0.0
34058;Castries;34;Occitanie;43.71419766195731;3.994973697531424;21625.0;1.5;6.936416184971098
34079;Clermont-l'Hérault;34;Occitanie;43.60780733783516;3.415659353481009;25491.0;1.50952381;5.921791259660272
34111;Ganges;34;Occitanie;43.867180494275225;3.7147883724076083;19408.0;4.09090909;21.0784681059357
34114;Gignac;34;Occitanie;43.66284146075461;3.5831784582020347;15025.0;0.611111111;4.067295247920133
34126;Lamalou-les-Bains;34;Occitanie;43.58102319782016;2.9565287132776983;6939.0;1.666666667;24.01883076812221
34142;Lodève;34;Occitanie;43.789490685586074;3.363716426446052;15546.0;1.94090909;12.484942042969251
34145;Lunel;34;Occitanie;43.621410573566294;4.166315310906745;56078.0;6.410353533;11.431137938228895
34147;Magalas;34;Occitanie;43.50129356048144;3.1805712752438406;9797.0;0.0;0.0
34150;Marseillan;34;Occitanie;43.36064678923111;3.5471157194421963;8414.0;0.0;0.0
34154;Mauguio;34;Occitanie;43.59167811318652;4.003662911002865;16522.0;3.753210677;22.716442785377076
34157;Mèze;34;Occitanie;43.45837656034728;3.5944242182641797;18810.0;0.333333333;1.7721070334928233
34162;Montagnac;34;Occitanie;43.47185445919042;3.505883678463572;5013.0;0.0;0.0
34172;Montpellier;34;Occitanie;43.63799067412706;3.8110488558725786;512583.0;64.042640681;12.494101575939895
34189;Olonzac;11;Occitanie;43.30817575580081;2.6565286677479114;15303.0;0.0;0.0
34192;Palavas-les-Flots;34;Occitanie;43.53336793298534;3.927582633870193;6133.0;0.0;0.0
34194;Paulhan;34;Occitanie;43.53831899805608;3.462101575107547;15346.0;0.0;0.0
34199;Pézenas;34;Occitanie;43.48786279072511;3.3531569915917996;27139.0;4.0;14.73893658572534
34202;Pignan;34;Occitanie;43.575652456061036;3.7253147332590113;23550.0;0.0;0.0
34239;Saint-André-de-Sangonis;34;Occitanie;43.68521564176295;3.4904326495621207;10389.0;0.5;4.81278275098662
34245;Saint-Chinian;34;Occitanie;43.44123331625531;2.911833916985763;4266.0;0.0;0.0
34276;Saint-Mathieu-de-Tréviers;34;Occitanie;43.80838894497835;3.898739176238889;13834.0;0.5;3.6142836489807717
34284;Saint-Pons-de-Thomières;34;Occitanie;43.47235200606504;2.736965484815364;5685.0;0.0;0.0
34299;Sérignan;34;Occitanie;43.267742292831365;3.2568692766354292;21244.0;0.0;0.0
34300;Servian;34;Occitanie;43.42286215562151;3.3002996773563495;9002.0;0.0;0.0
34301;Sète;34;Occitanie;43.461784201773405;3.70445187714664;100691.0;6.627777777;6.582294124599022
34332;Vias;34;Occitanie;43.31223783579103;3.399687605594474;5952.0;0.0;0.0
35006;Argentré-du-Plessis;35;Bretagne;48.042773342514735;-1.1118080605286516;11780.0;0.0;0.0
35012;Bain-de-Bretagne;35;Bretagne;47.807259499004985;-1.6867387991512217;30099.0;0.833333333;2.7686412605069934
35037;Bréal-sous-Montfort;35;Non renseigné;48.048103682784756;-1.919059664365153;11330.0;0.0;0.0
35068;Châteaubourg;35;Bretagne;48.10419958936687;-1.386556182946589;19557.0;0.0;0.0
35069;Châteaugiron;35;Bretagne;48.04875248974672;-1.5197286607042724;18633.0;1.0;5.366822304513498
35085;Combourg;35;Bretagne;48.41074625086522;-1.7274086641256061;15209.0;0.333333333;2.1916847458741535
35093;Dinard;35;Bretagne;48.58375787764973;-2.100597763128818;34899.0;3.0;8.596234849136078
35095;Dol-de-Bretagne;35;Bretagne;48.5488451207306;-1.7428027711994143;25416.0;1.116666667;4.393557865124332
35115;Fougères;35;Bretagne;48.350175231987585;-1.187010271880834;46620.0;5.066666671;10.868010877305878
35125;La Guerche-de-Bretagne;35;Bretagne;47.94471363488124;-1.206147779367292;17746.0;1.0;5.635072692437732
35126;Guichen;35;Bretagne;47.95801839839977;-1.8302066366981138;27271.0;0.0;0.0
35136;Janzé;35;Bretagne;47.963077006939045;-1.4999335303297534;29875.0;0.25;0.8368200836820083
35152;Liffré;35;Bretagne;48.19870629166438;-1.4848582533128099;16040.0;0.0;0.0
35162;Louvigné-du-Désert;35;Bretagne;48.46899865719755;-1.066793865797021;9567.0;0.0;0.0
35168;Val d'Anast;35;Bretagne;47.907872273721274;-1.9865131604360304;8258.0;0.0;0.0
35176;Guipry-Messac;35;Bretagne;47.82391633174824;-1.8341787744776592;8056.0;0.0;0.0
35177;La Mézière;35;Bretagne;48.2273650072093;-1.7797770789899388;14027.0;0.0;0.0
35184;Montauban-de-Bretagne;35;Bretagne;48.22439925520697;-2.0592485107258716;13459.0;2.0;14.859945018203433
35188;Montfort-sur-Meu;35;Bretagne;48.154221458955114;-1.9717951712134107;35424.0;1.0;2.8229448961156276
35196;Mordelles;35;Bretagne;48.082386217136424;-1.8344160067991893;15265.0;1.0;6.550933508024893
35207;Noyal-sur-Vilaine;35;Bretagne;48.11723334349816;-1.509406400146309;15375.0;0.0;0.0
35219;Pipriac;35;Bretagne;47.80202737306703;-1.9489044208473203;7045.0;0.0;0.0
35223;Plélan-le-Grand;35;Bretagne;48.01048261211861;-2.113833361062471;10999.0;0.0;0.0
35236;Redon;35;Bretagne;47.65656319800144;-2.0297498992368217;31092.0;6.016666671;19.351172877267466
35238;Rennes;35;Bretagne;48.110579496878344;-1.6950438741798322;410137.0;41.86666667;10.207971158417797
35239;Retiers;35;Bretagne;47.873392797092926;-1.380480035481871;13525.0;0.0;0.0
35240;Le Rheu;35;Bretagne;48.108081947091335;-1.8049571227977375;16873.0;0.0;0.0
35251;Saint-Aubin-d'Aubigné;35;Bretagne;48.30740950135443;-1.6019921397891286;23824.0;0.0;0.0
35253;Saint-Aubin-du-Cormier;35;Bretagne;48.258719123809456;-1.3794491342170547;14622.0;0.95;6.497059225824101
35257;Maen Roch;35;Bretagne;48.41484289792395;-1.441175860418604;19543.0;0.0;0.0
35288;Saint-Malo;35;Bretagne;48.628123508567484;-1.9285328693684816;74283.0;8.016666672;10.792060999151891
35297;Saint-Méen-le-Grand;35;Bretagne;48.15494048768785;-2.2178721297990687;10726.0;2.166666671;20.200136779787435
35337;Tinténiac;35;Bretagne;48.32829290249205;-1.8665583355766435;21106.0;0.0;0.0
35352;Vern-sur-Seiche;35;Bretagne;48.0406913523386;-1.5976623025998962;10640.0;0.333333333;3.132832077067669
35360;Vitré;35;Bretagne;48.14760487380656;-1.165236571731324;47971.0;4.499999998;9.380667482437307
36001;Aigurande;36;Centre-Val de Loire;46.43579651296999;1.8135454205523556;4150.0;0.0;0.0
36006;Argenton-sur-Creuse;36;Centre-Val de Loire;46.54338002263541;1.4426260170934635;26798.0;0.366666667;1.368261314277185
36018;Le Blanc;36;Centre-Val de Loire;46.63397848262349;1.0270183314054322;22495.0;2.0;8.890864636585908
36031;Buzançais;36;Centre-Val de Loire;46.86864551785098;1.3634773178430772;16594.0;0.0;0.0
36044;Châteauroux;36;Centre-Val de Loire;46.77097081996489;1.7513356009543735;77707.0;6.833333334;8.793716568648899
36045;Châtillon-sur-Indre;36;Centre-Val de Loire;46.970366009846856;1.1454267022288094;6046.0;0.0;0.0
36046;La Châtre;36;Centre-Val de Loire;46.55960699382054;1.9554480236601277;24035.0;1.0;4.1605991262741835
36088;Issoudun;36;Centre-Val de Loire;46.98464852508352;1.9350734393749902;25966.0;1.0;3.851190017715474
36093;Levroux;36;Centre-Val de Loire;46.987962107189404;1.6221945938810296;6390.0;0.0;0.0
36228;Valençay;36;Centre-Val de Loire;47.12276535224304;1.4837902617183518;8137.0;1.0;12.289541600098316
37003;Amboise;37;Centre-Val de Loire;47.43691847435731;1.0132783692225624;26436.0;1.866666666;7.061078325011348
37011;Avoine;37;Centre-Val de Loire;47.219813204349585;0.20964533626430049;8335.0;0.0;0.0
37014;Azay-le-Rideau;37;Centre-Val de Loire;47.259147247618955;0.48020604874211814;10168.0;0.0;0.0
37027;Bléré;37;Centre-Val de Loire;47.307464315352625;0.986274845714554;19514.0;0.0;0.0
37031;Bourgueil;37;Centre-Val de Loire;47.28590506710153;0.1713664791647351;10431.0;0.0;0.0
37062;Château-la-Vallière;37;Centre-Val de Loire;47.54933649877034;0.3257549285759669;4597.0;0.0;0.0
37063;Château-Renault;37;Centre-Val de Loire;47.58681436660702;0.929386833143852;15002.0;0.2;1.3331555792560994
37072;Chinon;37;Centre-Val de Loire;47.14990231335478;0.2404858667258412;15200.0;2.583333333;16.99561403289474
37104;Esvres;37;Centre-Val de Loire;47.236651095832414;0.8161666064705707;17755.0;0.0;0.0
37115;Descartes;37;Centre-Val de Loire;46.95362744013148;0.7361186919156556;7732.0;0.0;0.0
37119;L'Île-Bouchard;37;Centre-Val de Loire;47.131657575625326;0.4358475901679945;5374.0;0.0;0.0
37123;Langeais;37;Centre-Val de Loire;47.38935079850699;0.3327020065464581;25092.0;0.916666666;3.653222804080982
37130;Ligueil;37;Centre-Val de Loire;47.047093140914356;0.8432817146678329;7991.0;0.0;0.0
37132;Loches;37;Centre-Val de Loire;47.1302069436925;1.0906995967370647;20894.0;3.416666666;16.352381860821286
37159;Monts;37;Centre-Val de Loire;47.25431311324529;0.6103523813308739;13904.0;0.0;0.0
37196;Richelieu;37;Centre-Val de Loire;47.01109109718128;0.330076111613016;7485.0;0.0;0.0
37226;Sainte-Maure-de-Touraine;37;Centre-Val de Loire;47.09819463007483;0.6030250524272062;15049.0;1.333333332;8.859946388464351
37261;Tours;37;Centre-Val de Loire;47.46199508329415;0.658373259027245;381593.0;32.899999987;8.621751443815793
38001;Les Abrets en Dauphiné;38;Auvergne-Rhône-Alpes;45.50215367779928;5.539216138239448;20172.0;0.0;0.0
38006;Allevard;38;Auvergne-Rhône-Alpes;45.338034726009695;6.096811814146615;8688.0;0.0;0.0
38013;Apprieu;38;Auvergne-Rhône-Alpes;45.414141093662614;5.4291644034111215;15417.0;0.0;0.0
38022;Les Avenières Veyrins-Thuellin;38;Auvergne-Rhône-Alpes;45.65274568948825;5.565460416699291;11300.0;0.0;0.0
38034;Beaurepaire;38;Auvergne-Rhône-Alpes;45.30338185710959;5.058998342167827;23491.0;0.0;0.0
38052;Le Bourg-d'Oisans;38;Auvergne-Rhône-Alpes;45.03863297493479;6.174310289976504;9464.0;1.0;10.566356720202874
38053;Bourgoin-Jallieu;38;Auvergne-Rhône-Alpes;45.59542659160438;5.29653125241109;86186.0;8.110805861;9.410815980553686
38085;Charvieu-Chavagneux;38;Auvergne-Rhône-Alpes;45.75673303796527;5.1642575896394805;46440.0;0.474358974;1.0214448191214471
38130;La Côte-Saint-André;38;Auvergne-Rhône-Alpes;45.35869297006492;5.237678757348589;26899.0;0.487179487;1.8111434886055244
38138;Crémieu;38;Auvergne-Rhône-Alpes;45.729795369977914;5.269479335754668;13462.0;0.5;3.71415837171297
38140;Crolles;38;Auvergne-Rhône-Alpes;45.311393839636374;5.882640496538931;14376.0;1.892857143;13.166785914023373
38185;Grenoble;38;Auvergne-Rhône-Alpes;45.192473661094155;5.786967132923563;463600.0;36.01263736;7.768040845556514
38189;Heyrieux;38;Auvergne-Rhône-Alpes;45.5840436710877;5.04597996621249;29797.0;0.0;0.0
38247;Montalieu-Vercieu;38;Auvergne-Rhône-Alpes;45.80056797757216;5.4180083541176645;16062.0;0.0;0.0
38261;Morestel;38;Auvergne-Rhône-Alpes;45.697195410771066;5.467191898072115;18006.0;0.237179487;1.3172247417527492
38269;La Mure;38;Auvergne-Rhône-Alpes;44.86832526113205;5.83192251571032;22964.0;0.0;0.0
38314;Pontcharra;38;Auvergne-Rhône-Alpes;45.45906383655587;5.999183031897521;21810.0;0.916666666;4.202964997707474
38315;Le Pont-de-Beauvoisin;38;Auvergne-Rhône-Alpes;45.558209037458546;5.731360989935379;25257.0;1.0;3.9592984123213366
38337;Rives;38;Auvergne-Rhône-Alpes;45.34360093618308;5.468387741285085;16664.0;1.333333333;8.001280202832453
38344;Roussillon;38;Auvergne-Rhône-Alpes;45.359786885884375;4.821057416369625;47851.0;2.2;4.597605065724855
38384;Saint-Étienne-de-Saint-Geoirs;38;Auvergne-Rhône-Alpes;45.320845316496055;5.3479948826931745;10000.0;0.0;0.0
38399;Saint-Jean-de-Bournay;38;Auvergne-Rhône-Alpes;45.49011263548144;5.161462309172028;13243.0;0.333333334;2.5170530393415387
38412;Saint-Laurent-du-Pont;38;Auvergne-Rhône-Alpes;45.39975993638419;5.792098539324379;16161.0;0.0;0.0
38416;Saint-Marcellin;38;Auvergne-Rhône-Alpes;45.14603321998287;5.300612561862023;23922.0;0.0;0.0
38509;La Tour-du-Pin;38;Auvergne-Rhône-Alpes;45.55121241920737;5.434297386315061;38006.0;1.553846155;4.088423288428143
38511;Le Touvet;38;Auvergne-Rhône-Alpes;45.34210089498254;5.968728415347766;20337.0;0.0;0.0
38517;Tullins;38;Auvergne-Rhône-Alpes;45.26708746920393;5.508668537927405;12216.0;0.0;0.0
38544;Vienne;38;Auvergne-Rhône-Alpes;45.49281806621965;4.920903825210188;82104.0;7.0;8.525772191367047
38545;Vif;38;Auvergne-Rhône-Alpes;44.94496514903262;5.59875811769627;19427.0;0.0;0.0
38548;Villard-de-Lans;38;Auvergne-Rhône-Alpes;45.09957838590711;5.5327872828337235;11011.0;0.0;0.0
38553;Villefontaine;38;Auvergne-Rhône-Alpes;45.624764245558985;5.152169959843121;45334.0;0.487179487;1.0746448294878017
38557;Villette-d'Anthon;38;Auvergne-Rhône-Alpes;45.787622217474066;5.100975909516199;6915.0;0.0;0.0
38559;Vinay;38;Auvergne-Rhône-Alpes;45.213561685625606;5.412698610944133;11782.0;0.0;0.0
38562;Vizille;38;Auvergne-Rhône-Alpes;45.0700505797715;5.835191855732445;22056.0;1.076190477;4.879354719804135
38563;Voiron;38;Auvergne-Rhône-Alpes;45.395103381243125;5.595003163226111;63112.0;3.452380953;5.47024488686779
38565;Voreppe;38;Auvergne-Rhône-Alpes;45.30220217839556;5.6483596720310505;12421.0;0.0;0.0
39013;Arbois;39;Bourgogne-Franche-Comté;46.91003804036602;5.757440102089405;5662.0;1.0;17.661603673613563
39056;Bletterans;39;Bourgogne-Franche-Comté;46.77679664185576;5.452712478359089;10453.0;0.0;0.0
39097;Champagnole;39;Bourgogne-Franche-Comté;46.739825534002236;5.927816951045296;18907.0;1.809523811;9.570655371026604
39128;Chaussin;39;Bourgogne-Franche-Comté;46.943032231647784;5.414348447885415;9965.0;0.0;0.0
39154;Clairvaux-les-Lacs;39;Bourgogne-Franche-Comté;46.57621891304215;5.760736504175491;4842.0;0.0;0.0
39198;Dole;39;Bourgogne-Franche-Comté;47.07517910479757;5.5577739745110035;47757.0;4.05;8.480432187951504
39300;Lons-le-Saunier;39;Bourgogne-Franche-Comté;46.66396122663203;5.551164095470406;48534.0;1.619047622;3.335903947747971
39333;Moirans-en-Montagne;39;Bourgogne-Franche-Comté;46.44128445080982;5.719337630076284;4332.0;0.0;0.0
39368;Hauts de Bienne;39;Bourgogne-Franche-Comté;46.56543324474898;6.053902328641856;8250.0;0.0;0.0
39397;Orgelet;39;Bourgogne-Franche-Comté;46.50866462330274;5.6014791797429355;3958.0;0.0;0.0
39434;Poligny;39;Bourgogne-Franche-Comté;46.832844697284415;5.665135975873781;11369.0;0.0;0.0
39470;Les Rousses;39;Bourgogne-Franche-Comté;46.487131355419706;6.066102587191774;6743.0;1.0;14.830194275545008
39475;Saint-Amour;71;Bourgogne-Franche-Comté;46.44536754329162;5.370286671335232;19795.0;0.0;0.0
39478;Saint-Claude;39;Bourgogne-Franche-Comté;46.39797591686389;5.873915740749111;21942.0;0.285714286;1.302134199252575
39487;Saint-Laurent-en-Grandvaux;39;Bourgogne-Franche-Comté;46.60473565485394;5.960797292142715;6898.0;0.0;0.0
39500;Salins-les-Bains;39;Bourgogne-Franche-Comté;46.97194505193912;5.858177796555338;14521.0;1.0;6.886578059362303
39526;Tavaux;39;Bourgogne-Franche-Comté;47.02997405651766;5.347829148759998;12321.0;0.5;4.058112166220274
40001;Aire-sur-l'Adour;40;Nouvelle-Aquitaine;43.726178552222954;-0.2720621358309818;19939.0;2.823031134;14.15833860273835
40046;Biscarrosse;40;Nouvelle-Aquitaine;44.432267691907214;-1.1387054725700374;20577.0;1.499999999;7.289692370121981
40065;Capbreton;40;Nouvelle-Aquitaine;43.646936569700074;-1.4121584856708844;15278.0;7.4396978;48.69549548370206
40075;Castets;40;Nouvelle-Aquitaine;43.91922324774045;-1.131604991164054;5804.0;0.0;0.0
40088;Dax;40;Nouvelle-Aquitaine;43.74428260602521;-1.0213348095175347;71113.0;12.962728935;18.22835337420725
40119;Hagetmau;40;Nouvelle-Aquitaine;43.63676117450522;-0.5690255458619337;15270.0;0.0;0.0
40133;Labenne;40;Nouvelle-Aquitaine;43.59537809313556;-1.4301386950063517;7183.0;0.0;0.0
40184;Mimizan;40;Nouvelle-Aquitaine;44.13964350217719;-1.1992544193562327;18731.0;0.0;0.0
40192;Mont-de-Marsan;40;Nouvelle-Aquitaine;43.95064232461819;-0.4891081913893245;71088.0;7.562728934;10.638545090591942
40194;Montfort-en-Chalosse;40;Nouvelle-Aquitaine;43.71828602902965;-0.7805732301387256;9852.0;0.0;0.0
40197;Morcenx-la-Nouvelle;40;Nouvelle-Aquitaine;44.00063722942404;-0.8946181540589307;12297.0;0.0;0.0
40217;Parentis-en-Born;40;Nouvelle-Aquitaine;44.243547367386164;-0.8846489793905892;20790.0;0.583333333;2.805836137566138
40224;Peyrehorade;40;Nouvelle-Aquitaine;43.52848563817363;-1.1320700957194931;21604.0;1.0;4.62877244954638
40233;Pouillon;40;Nouvelle-Aquitaine;43.60284135487702;-0.9982696386272321;4432.0;0.0;0.0
40245;Roquefort;40;Nouvelle-Aquitaine;44.085369585980274;-0.2988503763177818;7368.0;0.0;0.0
40282;Saint-Sever;40;Nouvelle-Aquitaine;43.76216727222033;-0.5783416253899792;9812.0;0.0;0.0
40284;Saint-Vincent-de-Tyrosse;40;Nouvelle-Aquitaine;43.634205390938654;-1.26938528439248;24947.0;2.0;8.016996031586965
40296;Seignosse;40;Nouvelle-Aquitaine;43.697559245693895;-1.3672877134054187;9438.0;0.0;0.0
40310;Soustons;40;Nouvelle-Aquitaine;43.82251937732232;-1.2983039214655507;20613.0;0.0;0.0
40313;Tartas;40;Nouvelle-Aquitaine;43.841334989150674;-0.7804930899658685;10115.0;0.0;0.0
41018;Blois;41;Centre-Val de Loire;47.57507969217996;1.3807916823401933;115486.0;10.08333333;8.731217056612923
41059;Le Controis-en-Sologne;41;Centre-Val de Loire;47.41274255502807;1.4075846182237337;12021.0;0.0;0.0
41106;Lamotte-Beuvron;41;Centre-Val de Loire;47.58676453647008;2.0393645806057585;12768.0;1.0;7.832080200501252
41136;Mer;41;Centre-Val de Loire;47.71606000304054;1.4689563252504219;13567.0;0.666666666;4.913884174835999
41143;Mondoubleau;41;Centre-Val de Loire;48.0126559508348;0.9175694151696318;4444.0;0.0;0.0
41149;Montoire-sur-le-Loir;41;Centre-Val de Loire;47.73795361859495;0.8380139211004785;10083.0;0.0;0.0
41151;Montrichard Val de Cher;41;Centre-Val de Loire;47.33775422160018;1.189596903586384;16437.0;2.083333332;12.674656762182881
41167;Veuzain-sur-Loire;41;Centre-Val de Loire;47.49336159290656;1.1488371755619966;6142.0;0.0;0.0
41173;Beauce la Romaine;41;Centre-Val de Loire;47.92119328066504;1.501624313051736;7800.0;0.0;0.0
41194;Romorantin-Lanthenay;41;Centre-Val de Loire;47.40290782771072;1.750747067947645;36422.0;0.0;0.0
41198;Saint-Aignan;41;Centre-Val de Loire;47.25701261404962;1.3347008207780156;11898.0;0.25;2.101193477895445
41232;Salbris;41;Centre-Val de Loire;47.4059123947366;2.0802681220146826;8837.0;0.0;0.0
41242;Selles-sur-Cher;41;Centre-Val de Loire;47.27092636954505;1.5649913598132474;15968.0;0.0;0.0
41269;Vendôme;41;Centre-Val de Loire;47.817650271809164;1.15897544632444;47880.0;4.366666666;9.120022276524645
42011;Balbigny;42;Auvergne-Rhône-Alpes;45.84370434149634;4.189488932068942;15118.0;0.0;0.0
42019;Boën-sur-Lignon;42;Auvergne-Rhône-Alpes;45.72068677039899;3.9419559188624467;13918.0;0.0;0.0
42023;Bourg-Argental;42;Auvergne-Rhône-Alpes;45.303903400891194;4.549239358278127;6488.0;0.0;0.0
42052;Charlieu;42;Auvergne-Rhône-Alpes;46.1751914275225;4.132603252599354;22018.0;0.0;0.0
42059;Chazelles-sur-Lyon;42;Auvergne-Rhône-Alpes;45.64903024927545;4.383810920185741;10132.0;0.0;0.0
42094;Feurs;42;Auvergne-Rhône-Alpes;45.74171961956367;4.237537346962725;17356.0;0.0;0.0
42103;La Grand-Croix;42;Auvergne-Rhône-Alpes;45.49132261339173;4.558966981269181;11377.0;0.0;0.0
42147;Montbrison;42;Auvergne-Rhône-Alpes;45.59967764260417;4.030745332048353;41092.0;5.416666666;13.181803431324834
42149;Montrond-les-Bains;42;Auvergne-Rhône-Alpes;45.64972535162126;4.240336458892695;15870.0;0.0;0.0
42165;Panissières;42;Auvergne-Rhône-Alpes;45.79376421407309;4.362613192498262;5752.0;0.0;0.0
42168;Pélussin;42;Auvergne-Rhône-Alpes;45.38433842487618;4.662625865932632;9606.0;0.0;0.0
42182;Renaison;42;Auvergne-Rhône-Alpes;46.12974357269506;3.8907248112711663;20871.0;0.0;0.0
42186;Rive-de-Gier;42;Auvergne-Rhône-Alpes;45.52432652821768;4.62089602235729;38248.0;0.0;0.0
42187;Roanne;42;Auvergne-Rhône-Alpes;45.986359273722485;4.088150419019037;89657.0;7.707692305;8.596866173304928
42204;Saint-Bonnet-le-Château;42;Auvergne-Rhône-Alpes;45.433360097123355;4.054062053218565;6759.0;0.0;0.0
42218;Saint-Étienne;42;Auvergne-Rhône-Alpes;45.404680886094766;4.379381839817792;364028.0;20.759523808;5.702727209994835
42222;Saint-Galmier;42;Auvergne-Rhône-Alpes;45.58834335574091;4.337093338405931;10259.0;0.0;0.0
42230;Saint-Germain-Laval;42;Auvergne-Rhône-Alpes;45.855115663647204;3.990894596813246;6958.0;0.0;0.0
42279;Saint-Just-Saint-Rambert;42;Auvergne-Rhône-Alpes;45.51002472569342;4.21983644532638;68695.0;4.366666666;6.356600430890167
43040;Brioude;43;Auvergne-Rhône-Alpes;45.270250116956;3.4013456583055377;14663.0;0.0;0.0
43051;Le Chambon-sur-Lignon;07;Auvergne-Rhône-Alpes;45.016694483508445;4.302712143900778;7942.0;0.0;0.0
43080;Craponne-sur-Arzon;43;Auvergne-Rhône-Alpes;45.3360819680953;3.8262575227841187;12559.0;0.0;0.0
43087;Dunières;43;Auvergne-Rhône-Alpes;45.18998093162264;4.388146541054124;8468.0;0.0;0.0
43112;Langeac;43;Auvergne-Rhône-Alpes;45.124462029929646;3.5056938338399855;12397.0;0.0;0.0
43137;Monistrol-sur-Loire;43;Auvergne-Rhône-Alpes;45.28288596895802;4.12974524465031;22221.0;0.0;0.0
43157;Le Puy-en-Velay;43;Auvergne-Rhône-Alpes;44.98123276811061;3.868640213102817;74523.0;8.125;10.902674342149403
43162;Retournac;43;Auvergne-Rhône-Alpes;45.229914192938445;3.988963314404959;4633.0;0.0;0.0
43200;Saint-Julien-Chapteuil;43;Auvergne-Rhône-Alpes;45.04200911519634;4.085701734087791;4693.0;0.0;0.0
43216;Saint-Paulien;43;Auvergne-Rhône-Alpes;45.1783359249672;3.753821078174269;6374.0;0.0;0.0
43224;Sainte-Sigolène;43;Auvergne-Rhône-Alpes;45.24449582428878;4.254676236773491;8455.0;0.0;0.0
43234;Saugues;43;Auvergne-Rhône-Alpes;44.93217875535868;3.5233143001235283;3474.0;0.0;0.0
43244;Tence;43;Auvergne-Rhône-Alpes;45.11449500624964;4.272974902136183;4580.0;0.0;0.0
43268;Yssingeaux;43;Auvergne-Rhône-Alpes;45.142390481565506;4.107732838975251;16190.0;1.125;6.948733786287832
44002;Aigrefeuille-sur-Maine;44;Pays de la Loire;47.07213610411091;-1.4193412880965344;18356.0;0.0;0.0
44003;Ancenis-Saint-Géréon;44;Pays de la Loire;47.43564273844874;-1.2301249336207352;35629.0;3.783333332;10.618690763142386
44015;Blain;44;Pays de la Loire;47.45861593657485;-1.777133647967888;17858.0;0.0;0.0
44036;Châteaubriant;44;Pays de la Loire;47.6933293359953;-1.3847885244286366;32478.0;2.5;7.697518320093602
44043;Clisson;44;Pays de la Loire;47.077587979373796;-1.279151023143258;27060.0;1.0;3.695491500369549
44051;Derval;44;Pays de la Loire;47.67715058753122;-1.6206317822013327;8049.0;0.25;3.1059758976270344
44055;La Baule-Escoublac;44;Pays de la Loire;47.33758403631401;-2.4308767455856874;57413.0;3.79166667;6.604195339034714
44067;Guémené-Penfao;44;Pays de la Loire;47.620329878155886;-1.8537205199150537;13727.0;0.0;0.0
44072;Herbignac;44;Pays de la Loire;47.447241516259034;-2.3518034845740514;25677.0;0.842857143;3.2825374576469213
44073;Héric;44;Pays de la Loire;47.4046279496225;-1.6644110267781154;8945.0;0.0;0.0
44081;Legé;85;Pays de la Loire;46.89420433760073;-1.5640755712419896;23454.0;0.0;0.0
44082;Ligné;44;Pays de la Loire;47.393876366534;-1.3915766901305995;13233.0;0.0;0.0
44084;Le Loroux-Bottereau;44;Pays de la Loire;47.25228286666678;-1.353328624354108;23687.0;0.842857143;3.5583110693629423
44087;Machecoul-Saint-Même;44;Pays de la Loire;46.997682310968344;-1.82067782194368;18231.0;4.033333331;22.123489281992207
44109;Nantes;44;Pays de la Loire;47.2249087478002;-1.548239405624077;722046.0;65.903571419;9.127336959002612
44110;Nort-sur-Erdre;44;Pays de la Loire;47.47493670976509;-1.4474235278059584;21655.0;0.833333333;3.8482259662895406
44113;Nozay;44;Pays de la Loire;47.547327860351814;-1.5981047161142954;18090.0;1.0;5.52791597567717
44120;Le Pellerin;44;Pays de la Loire;47.19526629967868;-1.845091090580735;11555.0;0.0;0.0
44129;Pontchâteau;44;Pays de la Loire;47.482730370490046;-2.089663854106437;43793.0;1.66666667;3.8057832758660055
44131;Pornic;44;Pays de la Loire;47.13481632947717;-2.0640715002631422;39085.0;2.2;5.62875783548676
44154;Saint-Brevin-les-Pins;44;Pays de la Loire;47.240698849218674;-2.0274635015269777;31310.0;1.66666667;5.323112967103161
44158;Saint-Étienne-de-Montluc;44;Pays de la Loire;47.29336968382249;-1.7748975608903106;20459.0;2.0;9.775648858692994
44180;Vallons-de-l'Erdre;44;Pays de la Loire;47.557060156392005;-1.1491527330878935;8369.0;0.0;0.0
44184;Saint-Nazaire;44;Pays de la Loire;47.332702712706876;-2.2100804870465414;125594.0;9.583333343;7.630406980429001
44186;Sainte-Pazanne;44;Pays de la Loire;47.11637135045802;-1.846360853835324;22820.0;0.0;0.0
44188;Saint-Philbert-de-Grand-Lieu;44;Pays de la Loire;47.03037723206139;-1.6279815719701403;27559.0;0.0;0.0
44195;Savenay;44;Pays de la Loire;47.378013721836304;-1.931859804854529;30802.0;0.0;0.0
44209;Treillières;44;Pays de la Loire;47.34960862144676;-1.609221068884262;20267.0;0.0;0.0
44212;Vallet;44;Pays de la Loire;47.18046434772448;-1.2685086982246963;26553.0;1.342857142;5.057270899710013
44213;Loireauxence;44;Pays de la Loire;47.43960399468164;-1.0278250411336514;7587.0;0.0;0.0
45028;Beaugency;45;Centre-Val de Loire;47.734016820623246;1.6246738745590086;23429.0;0.0;0.0
45030;Beaune-la-Rolande;45;Centre-Val de Loire;48.066911828433064;2.451781193820085;11610.0;0.0;0.0
45031;Bellegarde;45;Centre-Val de Loire;47.97954653965546;2.480502721482867;6879.0;0.0;0.0
45053;Briare;45;Centre-Val de Loire;47.59465166224581;2.784438380994399;15789.0;0.5;3.166761669516752
45082;Châteauneuf-sur-Loire;45;Centre-Val de Loire;47.87120569635588;2.251409927563554;21332.0;0.0;0.0
45085;Châtillon-Coligny;45;Centre-Val de Loire;47.81962986257878;2.8181027012863233;12329.0;1.0;8.110957904128478
45115;Courtenay;45;Centre-Val de Loire;48.05830928881056;3.0355811523513667;11441.0;0.0;0.0
45145;Ferrières-en-Gâtinais;45;Centre-Val de Loire;48.095115569664415;2.8299898509276797;9442.0;0.0;0.0
45146;La Ferté-Saint-Aubin;45;Centre-Val de Loire;47.70357775202454;1.8978646854066235;14962.0;0.0;0.0
45155;Gien;45;Centre-Val de Loire;47.66675833264824;2.5928674700045002;24588.0;1.333333333;5.422699418415487
45173;Jargeau;45;Centre-Val de Loire;47.87907418685189;2.1360845399218396;19989.0;0.0;0.0
45187;Lorris;45;Centre-Val de Loire;47.87482856005802;2.5613787850519456;9472.0;0.0;0.0
45191;Le Malesherbois;45;Centre-Val de Loire;48.29173203362024;2.3719815523881307;10642.0;0.0;0.0
45203;Meung-sur-Loire;45;Centre-Val de Loire;47.846618406604456;1.7131524601309334;23393.0;0.0;0.0
45208;Montargis;45;Centre-Val de Loire;47.99339700774203;2.7437300005439353;69874.0;4.999999999;7.155737468872542
45224;Neuville-aux-Bois;45;Centre-Val de Loire;48.047150335320374;2.074329625180409;21379.0;0.0;0.0
45234;Orléans;45;Centre-Val de Loire;47.93541081289732;1.8943842183006099;319071.0;26.999999995;8.462066435056773
45248;Patay;28;Centre-Val de Loire;48.06632449533051;1.654774599780745;8814.0;0.0;0.0
45252;Pithiviers;45;Centre-Val de Loire;48.165565300989236;2.2417007208525366;25420.0;0.5;1.966955153422502
45258;Puiseaux;45;Centre-Val de Loire;48.196593303558075;2.475363245464644;9117.0;0.0;0.0
45315;Sully-sur-Loire;45;Centre-Val de Loire;47.74013987695271;2.385403734796621;21486.0;0.0;0.0
46042;Cahors;46;Occitanie;44.432822218388566;1.473541533402968;49887.0;8.185714284;16.408511804678575
46045;Cajarc;46;Occitanie;44.46136718067691;1.7638821449697777;6856.0;0.0;0.0
46063;Castelnau-Montratier;46;Non renseigné;44.26905967628075;1.3315039624256035;1994.0;0.0;0.0
46102;Figeac;46;Occitanie;44.61668851051152;1.9257497205730754;23215.0;1.0;4.307559767391773
46127;Gourdon;46;Occitanie;44.688671192193524;1.4414743817174254;20681.0;0.333333333;1.6117853730477252
46128;Gramat;46;Occitanie;44.77118767412678;1.7164225767971655;9238.0;0.0;0.0
46143;Lacapelle-Marival;46;Occitanie;44.73619465235388;1.9525143462463146;3493.0;0.0;0.0
46225;Prayssac;46;Occitanie;44.48598176208676;1.1694274404037097;19448.0;0.0;0.0
46251;Saint-Céré;46;Occitanie;44.90230788740398;1.9085233893250326;26156.0;0.0;0.0
46309;Souillac;46;Occitanie;44.89115659736631;1.5221392179854125;12016.0;0.0;0.0
46330;Vayrac;46;Occitanie;44.95277240941931;1.6980115930666053;3268.0;0.0;0.0
47001;Agen;47;Nouvelle-Aquitaine;44.18068183812765;0.6579709102366348;113462.0;7.0;6.169466429289101
47004;Aiguillon;47;Nouvelle-Aquitaine;44.27687606646004;0.32640233081593917;11510.0;0.0;0.0
47052;Casteljaloux;47;Nouvelle-Aquitaine;44.29244013922959;0.04025179412092573;13573.0;0.0;0.0
47057;Castillonnès;24;Nouvelle-Aquitaine;44.67949184490998;0.5942353990745882;5435.0;0.0;0.0
47106;Fumel;47;Nouvelle-Aquitaine;44.46643707467131;0.9762305647066455;22494.0;0.0;0.0
47157;Marmande;47;Nouvelle-Aquitaine;44.56466525408171;0.1290254748579491;48019.0;0.583333333;1.2147969199691788
47168;Miramont-de-Guyenne;47;Nouvelle-Aquitaine;44.579653998337896;0.35113939802542266;12185.0;1.0;8.206811653672549
47175;Monflanquin;47;Nouvelle-Aquitaine;44.573645946379145;0.7139454937002144;11096.0;0.0;0.0
47195;Nérac;47;Nouvelle-Aquitaine;44.121504693743475;0.2621819182245606;21884.0;1.0;4.569548528605374
47310;Tonneins;47;Nouvelle-Aquitaine;44.39776467468624;0.32852123501251074;23532.0;2.0;8.499065102838689
47323;Villeneuve-sur-Lot;47;Nouvelle-Aquitaine;44.406277412452816;0.6623037769026708;61732.0;4.25;6.884597939480335
48034;La Canourgue;48;Occitanie;44.44685558205462;3.184253176986345;5761.0;0.0;0.0
48061;Florac Trois Rivières;48;Occitanie;44.31587883475169;3.599629756602415;6418.0;0.0;0.0
48080;Langogne;48;Occitanie;44.72166108195193;3.8618207194535334;13718.0;1.0;7.289692374981776
48092;Marvejols;48;Occitanie;44.5794462548314;3.2857040929068075;10060.0;0.5;4.970178926441352
48095;Mende;48;Occitanie;44.53129482159366;3.5668313805448113;23520.0;2.0;8.503401360544217
48140;Saint-Chély-d'Apcher;48;Occitanie;44.78501667890344;3.2836717585663;14839.0;1.0;6.738998584810297
49007;Angers;49;Pays de la Loire;47.46976767506826;-0.5922137433343674;285437.0;27.350000009;9.581799139214608
49018;Baugé-en-Anjou;49;Pays de la Loire;47.56122660170644;-0.13179127325779758;14971.0;0.0;0.0
49021;Beaufort-en-Anjou;49;Non renseigné;47.45552097872843;-0.22146530151221352;17750.0;0.0;0.0
49023;Beaupréau-en-Mauges;49;Pays de la Loire;47.19774908162548;-0.956451238397981;23989.0;1.6666666650000002;6.947628767351703
49050;Brissac Loire Aubance;49;Pays de la Loire;47.35257468037209;-0.3999122583232711;12215.0;0.0;0.0
49054;Candé;49;Pays de la Loire;47.56162133486723;-0.9710087954007789;10422.0;0.0;0.0
49063;Chalonnes-sur-Loire;49;Non renseigné;47.346110149268284;-0.7226472860094079;9941.0;0.0;0.0
49080;Les Hauts-d'Anjou;49;Pays de la Loire;47.70622110009994;-0.49167907573543773;14331.0;0.0;0.0
49092;Chemillé-en-Anjou;49;Pays de la Loire;47.22848460312663;-0.7001170550709582;25509.0;0.0;0.0
49099;Cholet;49;Pays de la Loire;47.06020462535648;-0.7985919340305393;91693.0;9.166666662;9.99712809265702
49125;Doué-en-Anjou;49;Pays de la Loire;47.208383389677316;-0.2960335976572083;15367.0;0.0;0.0
49126;Orée d'Anjou;49;Non renseigné;47.30939818844818;-1.2005494357030855;17162.0;0.0;0.0
49127;Durtal;49;Pays de la Loire;47.68250773039439;-0.2532931725296603;7872.0;0.0;0.0
49176;Le Lion-d'Angers;49;Pays de la Loire;47.61611497807088;-0.7525779603780396;15382.0;1.499999999;9.751657775321803
49180;Longué-Jumelles;49;Pays de la Loire;47.39124961650443;-0.09127298772537694;8800.0;0.0;0.0
49214;Montreuil-Juigné;49;Pays de la Loire;47.57019912200429;-0.6230935967692639;19213.0;0.0;0.0
49215;Montreuil-Bellay;49;Pays de la Loire;47.11187466486905;-0.16552766695558954;7653.0;0.0;0.0
49218;Montrevault-sur-Èvre;49;Pays de la Loire;47.25822384012058;-1.0440891380941222;15726.0;0.0;0.0
49228;Noyant-Villages;49;Pays de la Loire;47.51501448702076;0.09423658626386357;6425.0;0.0;0.0
49244;Mauges-sur-Loire;49;Pays de la Loire;47.36800146289411;-0.9168681734719277;25842.0;0.366666667;1.4188788290380001
49248;Ombrée d'Anjou;49;Pays de la Loire;47.759865051661855;-1.118785497529671;17604.0;0.0;0.0
49261;Gennes-Val-de-Loire;49;Pays de la Loire;47.332992534322706;-0.23444963844835476;9557.0;0.0;0.0
49283;Saint-Georges-sur-Loire;49;Pays de la Loire;47.40346381638137;-0.7150659226994123;9506.0;0.0;0.0
49301;Sèvremoine;49;Pays de la Loire;47.090873361856296;-1.0860439981462697;29369.0;0.0;0.0
49307;Loire-Authion;49;Pays de la Loire;47.45938598718867;-0.37074640477581705;16765.0;1.0;5.964807634953773
49328;Saumur;49;Pays de la Loire;47.26658949108929;-0.015615184127020981;57487.0;5.666666666;9.857301069807086
49331;Segré-en-Anjou Bleu;49;Pays de la Loire;47.70284522743847;-0.8716823816315299;20010.0;1.950000003;9.745127451274364
49333;Seiches-sur-le-Loir;49;Non renseigné;47.579273886774196;-0.34044366207311566;6515.0;0.0;0.0
49345;Bellevigne-en-Layon;49;Pays de la Loire;47.272235016084466;-0.5092016986577522;11138.0;0.0;0.0
49347;Tiercé;49;Pays de la Loire;47.6233722275298;-0.4598080703073605;12321.0;0.0;0.0
49373;Lys-Haut-Layon;49;Pays de la Loire;47.12655892368154;-0.4906868834163782;12623.0;0.0;0.0
50003;Agon-Coutainville;50;Normandie;49.08783304792564;-1.5544871795399313;9642.0;0.5;5.185646131507986
50025;Avranches;50;Normandie;48.69273343314689;-1.3484253380719462;41066.0;4.683333331;11.40440590999854
50031;Barneville-Carteret;50;Normandie;49.402122922985356;-1.7502960746354583;4905.0;0.0;0.0
50074;Brécey;50;Normandie;48.72102468111714;-1.1276454818397514;6625.0;0.0;0.0
50076;Bréhal;50;Normandie;48.92533991850378;-1.4747779291794445;14404.0;0.0;0.0
50082;Bricquebec-en-Cotentin;50;Normandie;49.470794568374;-1.6390098943821747;10350.0;0.0;0.0
50099;Carentan-les-Marais;50;Normandie;49.30497622577987;-1.2420865988942607;16783.0;1.0;5.958410296132992
50129;Cherbourg-en-Cotentin;50;Normandie;49.619471085076086;-1.6821561973843064;107011.0;9.0;8.41035033781574
50147;Coutances;50;Normandie;49.032748032951794;-1.3875687994851502;23490.0;0.833333333;3.5476089101745423
50218;Granville;50;Normandie;48.81196433127838;-1.5039787678525842;32620.0;3.899999999;11.955855300429183
50236;La Haye;50;Normandie;49.3327329913362;-1.49991036938446;30949.0;0.0;0.0
50341;Montebourg;50;Normandie;49.486132789598656;-1.3520220754908183;5426.0;0.0;0.0
50359;Mortain-Bocage;50;Normandie;48.61951008288713;-0.9330017883594885;10039.0;0.0;0.0
50394;Périers;50;Normandie;49.17974508773361;-1.4017680307909683;10480.0;0.0;0.0
50402;Les Pieux;50;Normandie;49.514092456227594;-1.7904549241364733;13115.0;0.0;0.0
50410;Pontorson;50;Normandie;48.5567306022099;-1.5243058985598028;11246.0;0.0;0.0
50484;Saint-Hilaire-du-Harcouët;50;Normandie;48.57801504347719;-1.1059288669408036;15300.0;0.0;0.0
50487;Saint-James;50;Normandie;48.512473141363294;-1.3235566955638984;8259.0;0.0;0.0
50502;Saint-Lô;50;Normandie;49.123664757490126;-1.1052378937194118;66878.0;5.133333331;7.6756681285325525
50539;Saint-Pierre-Église;50;Normandie;49.66806428406547;-1.3845135972739406;6393.0;0.0;0.0
50582;Sourdeval;50;Normandie;48.71218716872719;-0.8742041381099138;4819.0;0.0;0.0
50601;Torigny-les-Villes;50;Normandie;48.98776826461279;-0.9999657659580202;11775.0;0.0;0.0
50615;Valognes;50;Normandie;49.55878429242743;-1.4083600041238815;23313.0;0.0;0.0
50639;Villedieu-les-Poêles-Rouffigny;50;Normandie;48.873892319051905;-1.2377466712297078;21096.0;0.0;0.0
51030;Aÿ-Champagne;51;Grand Est;49.07442715155474;4.061883728667023;7173.0;1.0;13.941168269901018
51108;Châlons-en-Champagne;51;Grand Est;48.92904885996531;4.413626758459342;77003.0;4.033333333;5.237891163980624
51217;Dormans;51;Grand Est;49.050303651711516;3.6761316572143543;16487.0;0.5;3.032692424334324
51230;Épernay;51;Grand Est;49.00479154010962;3.973010204268757;56101.0;5.0;8.912497103438442
51248;Fère-Champenoise;51;Grand Est;48.75955205343069;4.017568319412586;4184.0;0.0;0.0
51250;Fismes;51;Grand Est;49.326303660292275;3.6973271157443492;18427.0;0.0;0.0
51380;Montmirail;51;Grand Est;48.868710437354025;3.5562164292436207;8153.0;0.0;0.0
51388;Mourmelon-le-Grand;51;Grand Est;49.14705358725445;4.3474906632815555;9355.0;0.0;0.0
51454;Reims;51;Grand Est;49.270966899748785;4.080068768934107;288853.0;20.266666664;7.016256249372518
51507;Sainte-Menehould;51;Grand Est;49.108992741908445;4.9422379115932085;17062.0;1.0;5.860977611065525
51535;Sézanne;51;Grand Est;48.72792808108816;3.719848803888752;16479.0;0.0;0.0
51559;Suippes;51;Grand Est;49.15515775516195;4.573425862008159;7110.0;0.0;0.0
51612;Blancs-Coteaux;51;Grand Est;48.88897781698671;4.013351737996987;8114.0;0.0;0.0
51649;Vitry-le-François;51;Grand Est;48.69475292454081;4.554162365548054;34191.0;1.666666666;4.874577128484105
52060;Bourbonne-les-Bains;52;Grand Est;47.94957172272713;5.730710238254642;5800.0;0.0;0.0
52093;Chalindrey;52;Grand Est;47.81789106237085;5.476290998948939;6335.0;0.0;0.0
52121;Chaumont;52;Grand Est;48.112142003937656;5.096712319037626;42276.0;3.333333332;7.884694228403823
52197;Fayl-Billot;52;Grand Est;47.76712503185214;5.617837622482985;3739.0;0.0;0.0
52250;Joinville;52;Grand Est;48.40497196104704;5.1922882812162054;14108.0;0.0;0.0
52269;Langres;52;Grand Est;47.86221131864556;5.227937078645958;17345.0;0.333333333;1.9217834130873452
52331;La Porte du Der;52;Grand Est;48.44283516803785;4.786606439384254;7357.0;0.0;0.0
52353;Nogent;52;Grand Est;48.06240380184427;5.447354696363851;13839.0;0.0;0.0
52448;Saint-Dizier;52;Grand Est;48.61919279851021;4.972716806731556;48975.0;1.333333332;2.7224774517611023
52550;Wassy;52;Grand Est;48.48754870004805;4.952983089938252;7420.0;0.0;0.0
53003;Ambrières-les-Vallées;53;Pays de la Loire;48.424895915027285;-0.6558523696769704;3828.0;0.0;0.0
53062;Château-Gontier-sur-Mayenne;53;Pays de la Loire;47.84127469444076;-0.6907939715173496;33654.0;2.0;5.942829975634397
53077;Cossé-le-Vivien;53;Pays de la Loire;47.950662916918084;-0.9292976250952046;6746.0;0.0;0.0
53084;Craon;53;Pays de la Loire;47.86054486828428;-0.9672712569143149;9070.0;0.0;0.0
53096;Ernée;53;Pays de la Loire;48.295598589275535;-0.9456887663254027;15579.0;0.0;0.0
53097;Évron;53;Pays de la Loire;48.1495608199491;-0.40506187958111844;24598.0;0.0;0.0
53107;Gorron;53;Pays de la Loire;48.42021950291454;-0.838192253491977;5523.0;0.0;0.0
53130;Laval;53;Pays de la Loire;48.095680901665155;-0.7877271387173903;116258.0;9.166666666;7.884762051643758
53147;Mayenne;53;Pays de la Loire;48.30256158085228;-0.6052009314239144;33342.0;2.0;5.998440405494571
53152;Meslay-du-Maine;53;Pays de la Loire;47.974101071089386;-0.5283105842234462;7499.0;1.0;13.335111348179758
53185;Pré-en-Pail-Saint-Samson;53;Pays de la Loire;48.45733548325468;-0.23048090426353657;6224.0;0.0;0.0
53271;Villaines-la-Juhel;53;Pays de la Loire;48.33956963126595;-0.2795702749735838;5516.0;0.0;0.0
54039;Baccarat;54;Grand Est;48.46171203714648;6.7209658017795535;8767.0;0.0;0.0
54076;Blainville-sur-l'Eau;54;Grand Est;48.548096438263144;6.380173285327652;9302.0;0.0;0.0
54099;Val de Briey;54;Grand Est;49.29080328326599;5.823114688754259;33667.0;0.0;0.0
54159;Dombasle-sur-Meurthe;54;Grand Est;48.61933579914889;6.324007588804069;30207.0;0.0;0.0
54273;Jarny;54;Grand Est;49.11487701635342;5.824184233474111;23554.0;0.0;0.0
54280;Jœuf;54;Grand Est;49.19870809350149;6.011478371430685;39010.0;1.0;2.563445270443476
54322;Longuyon;54;Grand Est;49.39094519652836;5.515996216283396;19374.0;0.0;0.0
54323;Longwy;54;Grand Est;49.487295882044315;5.747483743926925;62837.0;0.5;0.7957095341916387
54328;Ludres;54;Grand Est;48.55054298357487;6.196055439096418;21101.0;3.0;14.217335671295201
54329;Lunéville;54;Grand Est;48.598464988344936;6.56852153941834;38846.0;1.0;2.574267620861865
54395;Nancy;54;Grand Est;48.74948626533926;6.22354034576833;306548.0;34.416666664;11.227170512937613
54397;Neuves-Maisons;54;Grand Est;48.60849090371071;6.0545922307390985;19559.0;0.0;0.0
54431;Pont-à-Mousson;54;Grand Est;48.894210166646886;6.026275751317996;47527.0;2.333333333;4.90949004355419
54528;Toul;54;Grand Est;48.63535282075075;5.860223882061578;51613.0;3.5;6.78123728518009
54563;Vézelise;54;Grand Est;48.46462511533944;6.0624961311585235;8873.0;0.0;0.0
54580;Villerupt;54;Grand Est;49.42891056610243;5.909505105051436;41715.0;1.333333333;3.1962923001318466
55029;Bar-le-Duc;55;Grand Est;48.83797169475706;5.170517329666256;30957.0;1.666666667;5.383811955292826
55122;Commercy;55;Grand Est;48.749000052883396;5.602265399603544;17618.0;1.0;5.676013168350551
55181;Étain;55;Grand Est;49.22241497818581;5.621387636518321;5954.0;0.0;0.0
55291;Ligny-en-Barrois;55;Grand Est;48.655419186872685;5.341073423748121;12677.0;0.0;0.0
55351;Montmédy;55;Grand Est;49.525027653716805;5.3722247245755685;5809.0;0.0;0.0
55427;Revigny-sur-Ornain;55;Grand Est;48.836752926424225;4.884381590641527;13785.0;0.0;0.0
55463;Saint-Mihiel;55;Grand Est;48.926398110658944;5.552746331175463;13202.0;0.0;0.0
55502;Stenay;55;Grand Est;49.432026365268854;5.1161342839332775;10053.0;0.0;0.0
55533;Vaucouleurs;55;Grand Est;48.582600224952465;5.653087657558568;3969.0;0.0;0.0
55545;Verdun;55;Grand Est;49.13914650623535;5.373996851130655;42943.0;0.666666666;1.5524454882052954
56001;Allaire;56;Bretagne;47.63615867287342;-2.203691053559698;9065.0;0.0;0.0
56003;Arradon;56;Bretagne;47.63329354299767;-2.8221099329785275;5835.0;0.0;0.0
56007;Auray;56;Bretagne;47.66672701501887;-2.967606641115622;56272.0;2.666666666;4.738887308075063
56010;Baud;56;Bretagne;47.90985109090303;-2.9975162397209636;18378.0;0.333333333;1.8137628305582763
56013;Belz;56;Bretagne;47.67452342071846;-3.1361742111468596;13505.0;0.0;0.0
56034;Carnac;56;Bretagne;47.60401741643311;-3.082853784686967;8324.0;0.0;0.0
56053;Elven;56;Bretagne;47.71921065388499;-2.5674793615243243;17771.0;0.0;0.0
56057;Le Faouët;56;Bretagne;48.04564867244341;-3.479359116725304;11256.0;0.0;0.0
56061;La Gacilly;56;Bretagne;47.784334114759375;-2.142402127860511;13063.0;0.0;0.0
56066;Gourin;56;Bretagne;48.12687505893862;-3.6089015448910304;5400.0;1.25;23.14814814814815
56067;Grand-Champ;56;Bretagne;47.76628456308312;-2.8571485787703454;9250.0;0.0;0.0
56073;Guémené-sur-Scorff;56;Bretagne;48.076789039298426;-3.2487077904090835;5998.0;0.0;0.0
56075;Guer;56;Bretagne;47.89628829008135;-2.1531653760473164;9603.0;0.0;0.0
56078;Guidel;56;Bretagne;47.793612452478776;-3.4913706931266373;12338.0;0.0;0.0
56083;Hennebont;56;Bretagne;47.8089438681819;-3.2003780606981818;45494.0;2.249999999;4.945707124016354
56091;Josselin;56;Bretagne;47.98457102229456;-2.5547125447254153;10886.0;0.0;0.0
56098;Lanester;56;Bretagne;47.802037280118284;-3.337405281823993;30469.0;0.0;0.0
56117;Locminé;56;Bretagne;47.894503446810006;-2.755268072509702;36507.0;1.166666666;3.1957341496151423
56121;Lorient;56;Bretagne;47.77634725650437;-3.413720482033735;107018.0;15.83333333;14.79501890336205
56124;Malestroit;56;Bretagne;47.81492213572711;-2.3910739003754857;17819.0;0.0;0.0
56127;Mauron;56;Bretagne;48.06396316809207;-2.3084209336247126;5805.0;0.0;0.0
56143;Muzillac;56;Bretagne;47.57053154400389;-2.494503586782334;15000.0;0.0;0.0
56147;Nivillac;56;Bretagne;47.54809311369335;-2.3192825441269664;13156.0;0.666666667;5.067396374277896
56152;Le Palais;56;Bretagne;47.32717311845962;-3.176023239139156;5607.0;0.333333334;5.944949777064384
56164;Ploeren;56;Bretagne;47.66151612521987;-2.842704182458331;6790.0;0.0;0.0
56165;Ploërmel;56;Bretagne;47.95041778171456;-2.373807017299014;25655.0;2.0;7.7957513155330345
56166;Plouay;56;Bretagne;47.95252127483455;-3.24910266881351;20936.0;0.0;0.0
56169;Plouhinec;56;Bretagne;47.692712176800846;-3.2418936830239207;6096.0;0.0;0.0
56177;Pluvigner;56;Bretagne;47.77508455712203;-3.045094818117354;14254.0;0.0;0.0
56178;Pontivy;56;Bretagne;48.13355358060642;-2.987464235342244;36564.0;3.899999999;10.666229075046495
56184;Questembert;56;Bretagne;47.680585901388916;-2.3675078618811467;22070.0;3.533333332;16.009666207521523
56186;Quiberon;56;Bretagne;47.46624482231116;-3.0718413373970463;7543.0;2.333333333;30.933757563303725
56193;Riantec;56;Bretagne;47.72004254651794;-3.312861160246859;12566.0;1.0;7.9579818558013695
56240;Sarzeau;56;Bretagne;47.52774583307165;-2.7623146740049433;15733.0;0.5;3.178033432911714
56251;Theix-Noyalo;56;Bretagne;47.59850358449946;-2.6408225254961954;16319.0;0.0;0.0
56260;Vannes;56;Bretagne;47.69424141751575;-2.740070773863072;96154.0;16.23333333;16.88263965097656
57019;Amnéville;57;Grand Est;49.24503279651849;6.16999497371399;64906.0;2.5;3.8517240316765786
57089;Bitche;57;Grand Est;49.05975781105655;7.434101611389333;20159.0;0.5;2.4802817600079368
57097;Boulay-Moselle;57;Grand Est;49.182731512666024;6.493679103982156;12637.0;0.0;0.0
57106;Bouzonville;57;Grand Est;49.31739164192169;6.4965562976069915;19153.0;1.0;5.2211141857672425
57132;Château-Salins;57;Grand Est;48.83157035311119;6.497800282318132;9828.0;0.0;0.0
57160;Creutzwald;57;Grand Est;49.208524424920064;6.6528626661351105;31019.0;1.0;3.223830555466005
57177;Dieuze;57;Grand Est;48.773860041803836;6.749979228307016;9640.0;0.0;0.0
57207;Farébersviller;57;Grand Est;49.102648493840896;6.8848506863466055;16063.0;0.0;0.0
57209;Faulquemont;57;Grand Est;49.045335324750894;6.570144305046591;15264.0;0.0;0.0
57227;Forbach;57;Grand Est;49.1777236879185;6.919099821698686;59548.0;5.0;8.396587626788474
57240;Freyming-Merlebach;57;Grand Est;49.13336167727277;6.806656356332704;25973.0;0.0;0.0
57269;Guénange;57;Grand Est;49.2958776495025;6.20540534639479;18357.0;0.0;0.0
57323;Hettange-Grande;57;Grand Est;49.446660231055745;6.136459013239486;18377.0;0.0;0.0
57413;Longeville-lès-Saint-Avold;57;Grand Est;49.120556007945304;6.6199366939993025;6447.0;0.0;0.0
57443;Marange-Silvange;57;Grand Est;49.209799260641184;6.108765352501637;10702.0;0.0;0.0
57463;Metz;57;Grand Est;49.086988946752946;6.187741836525719;286482.0;23.916666665;8.348401178782611
57483;Morhange;57;Grand Est;48.93817767521457;6.72715799494878;15327.0;0.0;0.0
57540;Phalsbourg;57;Grand Est;48.77786051289414;7.241303088939685;13661.0;1.0;7.320108337603396
57556;Puttelange-aux-Lacs;57;Grand Est;49.03864200197591;6.912233821245117;10912.0;0.0;0.0
57572;Rémilly;57;Grand Est;48.983939709727096;6.403536581554556;10292.0;0.0;0.0
57589;Rohrbach-lès-Bitche;57;Grand Est;49.05913418699911;7.260851793438693;10320.0;0.0;0.0
57606;Saint-Avold;57;Grand Est;49.078753389046014;6.7360811233257385;35955.0;2.666666666;7.41667825337227
57628;Sarralbe;57;Grand Est;48.99537354966225;7.038885182190155;12643.0;0.0;0.0
57630;Sarrebourg;57;Grand Est;48.68552831763663;7.019035461962563;55389.0;0.0;0.0
57631;Sarreguemines;57;Grand Est;49.10000334398171;7.075999859882256;48898.0;2.333333333;4.771837974968301
57672;Thionville;57;Grand Est;49.373182794038044;6.234607155388419;189453.0;13.749999998;7.257736746317028
58059;La Charité-sur-Loire;58;Bourgogne-Franche-Comté;47.2030197431896;2.987522331533054;16298.0;1.0;6.135722174499938
58062;Château-Chinon (Ville);58;Bourgogne-Franche-Comté;47.024293701596335;3.902038467197492;10120.0;0.0;0.0
58079;Clamecy;58;Bourgogne-Franche-Comté;47.4476108710958;3.468600253746611;20801.0;0.5;2.4037305898754866
58083;Corbigny;58;Bourgogne-Franche-Comté;47.25343250989114;3.751015965302578;8344.0;0.0;0.0
58086;Cosne-Cours-sur-Loire;58;Bourgogne-Franche-Comté;47.389556669299026;2.956741812648424;40566.0;2.75;6.779076073559138
58095;Decize;58;Bourgogne-Franche-Comté;46.84370580700254;3.548661116638056;19609.0;0.333333333;1.6998997042174513
58134;Imphy;58;Bourgogne-Franche-Comté;46.90808911208424;3.2843814247451317;5515.0;0.0;0.0
58149;Luzy;58;Bourgogne-Franche-Comté;46.78863261552693;3.9529443873770362;4664.0;0.0;0.0
58194;Nevers;58;Bourgogne-Franche-Comté;47.04009419634734;3.324587130356923;95304.0;5.7;5.980861244019139
58218;Prémery;58;Bourgogne-Franche-Comté;47.19706312710764;3.329194232361583;3731.0;0.0;0.0
58264;Saint-Pierre-le-Moûtier;58;Bourgogne-Franche-Comté;46.76884360114482;3.1465612253676793;4670.0;0.0;0.0
59011;Annœullin;59;Hauts-de-France;50.52657697157217;2.930659444249183;25599.0;0.0;0.0
59015;Arleux;59;Hauts-de-France;50.27173540210355;3.096643260090609;17444.0;0.0;0.0
59017;Armentières;59;Hauts-de-France;50.71143481418029;2.793086198151432;94439.0;4.124999999;4.367898854286894
59033;Aulnoye-Aymeries;59;Hauts-de-France;50.192490308713424;3.8341796166982416;20897.0;0.0;0.0
59036;Avesnes-sur-Helpe;59;Hauts-de-France;50.124520495602034;3.971984655525394;26679.0;0.5;1.8741332133888076
59037;Avesnes-les-Aubert;59;Hauts-de-France;50.20122809813129;3.394269467341195;10137.0;0.0;0.0
59051;La Bassée;62;Hauts-de-France;50.55006682282266;2.800667522440782;43416.0;0.0;0.0
59053;Bavay;59;Hauts-de-France;50.306922316199426;3.8073585840851325;12904.0;0.0;0.0
59067;Bergues;59;Hauts-de-France;50.95535785685743;2.5017578333650903;21360.0;0.0;0.0
59094;Bourbourg;59;Hauts-de-France;50.921476752832746;2.221800042556029;10317.0;0.0;0.0
59107;Bray-Dunes;59;Hauts-de-France;51.04477194137095;2.527860432203013;9952.0;0.0;0.0
59122;Cambrai;59;Hauts-de-France;50.12444880788778;3.1452883835895684;89313.0;10.619047624;11.889699846606877
59136;Le Cateau-Cambrésis;59;Hauts-de-France;50.08196018096203;3.5667046167088543;13782.0;0.0;0.0
59139;Caudry;59;Hauts-de-France;50.10708045090718;3.388590413753596;36905.0;0.0;0.0
59168;Cysoing;59;Hauts-de-France;50.55884226626131;3.2355382299735482;11242.0;0.0;0.0
59172;Denain;59;Hauts-de-France;50.30953764806061;3.39976273168414;77231.0;0.0;0.0
59178;Douai;59;Hauts-de-France;50.341325067978744;3.026211430244795;163006.0;7.1023809579999995;4.357128546188483
59183;Dunkerque;59;Hauts-de-France;50.997025661117476;2.33644540816556;163373.0;12.166666665;7.447170992146805
59239;Flines-lez-Raches;59;Hauts-de-France;50.41677748657137;3.1814913375187417;5745.0;0.0;0.0
59249;Fourmies;59;Hauts-de-France;50.01256131020131;4.047844456037292;18225.0;1.5;8.23045267489712
59273;Gravelines;59;Hauts-de-France;50.96679282893925;2.087074325908173;27097.0;0.0;0.0
59295;Hazebrouck;59;Hauts-de-France;50.71338742810184;2.526125276286882;33681.0;6.869047624;20.394428977761944
59324;Jeumont;59;Hauts-de-France;50.30203342980402;4.0689146931758735;16874.0;0.0;0.0
59331;Landrecies;59;Hauts-de-France;50.11264544825529;3.706500031568869;9726.0;0.0;0.0
59350;Lille;59;Hauts-de-France;50.65544910103569;3.0845389327635337;1079992.0;73.076190473;6.766364053900399
59375;Marchiennes;59;Hauts-de-France;50.414647815190506;3.270876836809104;7991.0;0.0;0.0
59392;Maubeuge;59;Hauts-de-France;50.26202046186478;4.004636448234443;85755.0;2.5;2.9152819077604804
59400;Merville;62;Hauts-de-France;50.64613517582049;2.6856847883068546;43059.0;0.0;0.0
59449;Orchies;59;Hauts-de-France;50.47710457093942;3.2486588621224475;24290.0;0.5;2.058460271716756
59462;Phalempin;59;Hauts-de-France;50.511862398086514;3.0068355095028867;6584.0;0.0;0.0
59466;Pont-à-Marcq;59;Hauts-de-France;50.52587983196345;3.137300958644524;32495.0;0.333333333;1.0257988398215112
59481;Le Quesnoy;59;Hauts-de-France;50.22961924426117;3.6667320450078242;23690.0;3.0;12.66357112705783
59484;Quiévrechain;59;Hauts-de-France;50.42183495756138;3.6529002715435364;10809.0;0.0;0.0
59526;Saint-Amand-les-Eaux;59;Hauts-de-France;50.46022211456834;3.409836289773319;38950.0;2.0;5.134788189987163
59571;Solesmes;59;Hauts-de-France;50.18393748345091;3.5148059031299126;10564.0;0.0;0.0
59574;Somain;59;Hauts-de-France;50.32003969510971;3.2625269391264147;84346.0;6.976190479;8.270920350698313
59580;Steenvoorde;59;Hauts-de-France;50.81192629855206;2.541660247629088;17711.0;0.0;0.0
59601;Trélon;59;Hauts-de-France;50.07429152890508;4.136854998033043;6214.0;0.0;0.0
59606;Valenciennes;59;Hauts-de-France;50.35005597516761;3.5462481274077793;174682.0;13.61904762;7.796480244100709
59616;Vieux-Condé;59;Hauts-de-France;50.45849264935164;3.565577975580272;39365.0;0.0;0.0
59653;Wavrin;59;Hauts-de-France;50.56823870378928;2.9014364749466006;19504.0;2.333333332;11.96335793683347
59663;Wormhout;59;Hauts-de-France;50.86431225639022;2.4137014733445925;19863.0;0.0;0.0
60057;Beauvais;60;Hauts-de-France;49.431482812440834;2.0193807172721243;99581.0;7.9;7.933240276759623
60103;Bresles;60;Hauts-de-France;49.419777683872645;2.2665613345931566;20005.0;0.0;0.0
60104;Breteuil;60;Hauts-de-France;49.61894799495499;2.2908750050239135;17737.0;2.133333333;12.027588278739358
60141;Chantilly;60;Hauts-de-France;49.18380820699498;2.4658960771116702;38655.0;5.566666667;14.400896823179409
60143;Chaumont-en-Vexin;60;Hauts-de-France;49.26555791207859;1.9265754123892482;9562.0;0.0;0.0
60157;Clermont;60;Hauts-de-France;49.401423521447825;2.433925631534077;28520.0;3.2;11.220196353436185
60159;Compiègne;60;Hauts-de-France;49.39219718996808;2.921744807635657;108759.0;8.0;7.355713090410909
60175;Creil;60;Hauts-de-France;49.26156495825742;2.4542328792845467;114859.0;3.0;2.611898066324798
60176;Crépy-en-Valois;60;Hauts-de-France;49.215454470649;2.9008707202660537;28654.0;2.583333333;9.015611548125916
60178;Crèvecœur-le-Grand;60;Hauts-de-France;49.60704045828543;2.1061965777564158;8310.0;0.0;0.0
60223;Estrées-Saint-Denis;60;Hauts-de-France;49.44917294525933;2.6236532645739272;14825.0;0.0;0.0
60245;Formerie;60;Hauts-de-France;49.64214033679888;1.736871839914972;7364.0;0.0;0.0
60286;Grandvilliers;60;Hauts-de-France;49.61938363958607;1.9129363369948609;18259.0;0.0;0.0
60360;Liancourt;60;Hauts-de-France;49.32538108491251;2.4069720643378703;40128.0;0.0;0.0
60395;Méru;60;Hauts-de-France;49.25499461554178;2.140849756637926;53623.0;2.0;3.7297428342315797
60471;Noyon;60;Hauts-de-France;49.5974205068555;2.976219905946806;36595.0;2.0;5.465227490094275
60500;Le Plessis-Belleville;77;Île-de-France;49.123809969683805;2.8008365070054557;27221.0;0.0;0.0
60509;Pont-Sainte-Maxence;60;Hauts-de-France;49.31112272446631;2.618816636605405;21917.0;1.0;4.56266824839166
60533;Ressons-sur-Matz;60;Hauts-de-France;49.5390832166852;2.734810982928414;6827.0;0.0;0.0
60581;Saint-Just-en-Chaussée;60;Hauts-de-France;49.52933599575436;2.465709958467073;23961.0;0.0;0.0
60612;Senlis;60;Hauts-de-France;49.203069032022405;2.6440223652287993;20826.0;2.866666667;13.764845227119947
60636;Thourotte;60;Hauts-de-France;49.497964053460656;2.9151471244850815;26938.0;0.0;0.0
60667;Verberie;60;Hauts-de-France;49.28327751023548;2.707780177164408;5997.0;0.0;0.0
61001;Alençon;61;Normandie;48.43350095815265;0.06223533138373582;63888.0;3.791666666;5.9348651796894565
61006;Argentan;61;Normandie;48.747579242142685;-0.011071082413369465;33889.0;3.749999999;11.065537487090207
61038;Bellême;61;Normandie;48.36824435468097;0.5863157394019494;7786.0;0.0;0.0
61145;Domfront en Poiraie;61;Normandie;48.566486465420034;-0.6882041831574794;13315.0;0.9;6.759294029290275
61168;La Ferté Macé;61;Normandie;48.530697919398754;-0.3594909444195996;26481.0;0.0;0.0
61169;Flers;61;Normandie;48.727058810496665;-0.48266119531325186;43605.0;0.0;0.0
61181;Gacé;61;Normandie;48.805728528621074;0.302232751688749;4036.0;0.0;0.0
61214;L'Aigle;61;Normandie;48.7812564252238;0.5821070144060791;34927.0;2.5;7.157786239871732
61293;Mortagne-au-Perche;61;Normandie;48.553702328131045;0.5697150626468493;25739.0;0.325;1.2626753176114067
61464;Sées;61;Normandie;48.62480001207754;0.18186552294100103;13250.0;0.0;0.0
61486;Tinchebray-Bocage;61;Normandie;48.75065563309846;-0.7301303891329628;6670.0;0.0;0.0
61508;Vimoutiers;61;Normandie;48.91513994010217;0.22919724614469053;6974.0;0.333333333;4.779657771723545
62014;Aire-sur-la-Lys;62;Hauts-de-France;50.6136071373676;2.266453740986936;54316.0;0.0;0.0
62038;Ardres;62;Hauts-de-France;50.80897938383358;1.969272941810789;19447.0;0.0;0.0
62041;Arras;62;Hauts-de-France;50.25646686251629;2.704883060512039;125975.0;9.716666666;7.713170602103593
62045;Aubigny-en-Artois;62;Hauts-de-France;50.35364597643173;2.5464539897685725;9727.0;0.0;0.0
62048;Auchel;62;Hauts-de-France;50.54042010411935;2.4428173457753517;68193.0;0.0;0.0
62057;Audruicq;62;Hauts-de-France;50.8799316748965;2.0919340126120285;17913.0;0.0;0.0
62060;Auxi-le-Château;62;Hauts-de-France;50.23323366240889;2.1068988476110855;6390.0;0.0;0.0
62080;Bapaume;62;Hauts-de-France;50.10917697141075;2.816837432412652;18060.0;0.0;0.0
62108;Berck;62;Hauts-de-France;50.396212063810296;1.6466053237129161;23620.0;2.0;8.467400508044031
62119;Béthune;62;Hauts-de-France;50.55317359777883;2.6468067274998184;73915.0;5.972619051;8.08038835283772
62160;Boulogne-sur-Mer;62;Hauts-de-France;50.68784552510673;1.6769040338713086;103941.0;8.166666665000001;7.857021449668563
62178;Bruay-la-Buissière;62;Hauts-de-France;50.446349081265055;2.520780433321975;47549.0;4.625000003;9.726808141075523
62193;Calais;62;Hauts-de-France;50.92188539248917;1.8484981626043409;98492.0;5.499999999;5.584209884051496
62268;Desvres;62;Hauts-de-France;50.624255514589045;1.8986652440823546;20083.0;0.0;0.0
62318;Étaples;62;Hauts-de-France;50.523466853657446;1.6578111762838468;31861.0;2.083333333;6.538819663538495
62361;Frévent;62;Hauts-de-France;50.27627472077277;2.2941832734605803;8043.0;0.0;0.0
62364;Fruges;62;Hauts-de-France;50.50409610319976;2.123216228616354;6784.0;0.0;0.0
62397;Guînes;62;Hauts-de-France;50.858762570711974;1.8774141864917622;9636.0;0.0;0.0
62447;Hesdin-la-Forêt;62;Hauts-de-France;50.37295547736104;2.0719399928210467;17845.0;3.75;21.014289717007564
62497;Leforest;62;Hauts-de-France;50.443881012262885;3.061734317796092;13351.0;0.0;0.0
62498;Lens;62;Hauts-de-France;50.43936357453032;2.8669566949804963;356405.0;25.132142863;7.051568542248285
62534;Lumbres;62;Hauts-de-France;50.69002692179383;2.060788803973363;15931.0;0.0;0.0
62560;Marquise;62;Hauts-de-France;50.82277543222117;1.7321912987884447;21841.0;0.0;0.0
62588;Montreuil-sur-Mer;62;Hauts-de-France;50.444243872626416;1.834678367617049;24195.0;2.0;8.266170696424881
62617;Nœux-les-Mines;62;Hauts-de-France;50.45296767433704;2.636785547745249;36546.0;0.0;0.0
62765;Saint-Omer;62;Hauts-de-France;50.76764298966179;2.246978231868236;82261.0;4.0;4.862571570975311
62767;Saint-Pol-sur-Ternoise;62;Hauts-de-France;50.39820568663739;2.3145853037114197;18973.0;0.0;0.0
62773;Samer;62;Hauts-de-France;50.61527119694112;1.7578451268449733;6637.0;0.0;0.0
62861;Vimy;62;Hauts-de-France;50.36456851202995;2.824228824888806;7829.0;0.0;0.0
62893;Wimereux;62;Hauts-de-France;50.78156004748695;1.6345907733834495;13099.0;0.0;0.0
62895;Wingles;62;Hauts-de-France;50.50653407641982;2.8526522134190526;24945.0;0.0;0.0
63003;Ambert;63;Auvergne-Rhône-Alpes;45.53855238932464;3.714673466349509;18004.0;0.0;0.0
63010;Arlanc;63;Auvergne-Rhône-Alpes;45.40768052309594;3.7252334869721344;3197.0;0.0;0.0
63038;Besse-et-Saint-Anastaise;63;Auvergne-Rhône-Alpes;45.50392007446111;2.91656374648949;4458.0;0.0;0.0
63040;Billom;63;Auvergne-Rhône-Alpes;45.699184424496856;3.376825437634145;13717.0;0.0;0.0
63047;La Bourboule-Mont-Dore;63;Auvergne-Rhône-Alpes;45.57249561365706;2.685173402329629;8252.0;0.0;0.0
63113;Clermont-Ferrand;63;Auvergne-Rhône-Alpes;45.722249872932665;3.008707754859747;341230.0;39.499999995;11.57577000703338
63125;Courpière;63;Auvergne-Rhône-Alpes;45.707486008687745;3.5794122835981756;13275.0;0.0;0.0
63178;Issoire;63;Auvergne-Rhône-Alpes;45.46610462398093;3.2687127143747134;59882.0;2.333333333;3.89655210747804
63195;Lezoux;63;Auvergne-Rhône-Alpes;45.826360262846585;3.387279774239761;11688.0;0.0;0.0
63214;Les Martres-de-Veyre;63;Auvergne-Rhône-Alpes;45.68032505341152;3.1920283372428933;10719.0;0.0;0.0
63283;Pontaumur;63;Auvergne-Rhône-Alpes;45.847513203262864;2.6567092777902217;3929.0;0.0;0.0
63284;Pont-du-Château;63;Auvergne-Rhône-Alpes;45.794981572470284;3.2724569669366224;23470.0;0.0;0.0
63285;Pontgibaud;63;Auvergne-Rhône-Alpes;45.82685316759993;2.862292559909561;4849.0;1.0;20.622808826562178
63300;Riom;63;Auvergne-Rhône-Alpes;45.966725620427745;3.013674929726592;80841.0;0.833333333;1.0308300651896933
63338;Saint-Éloy-les-Mines;63;Auvergne-Rhône-Alpes;46.15358132912116;2.867685931372982;10295.0;0.0;0.0
63430;Thiers;63;Auvergne-Rhône-Alpes;45.878418314991194;3.664529404821547;40765.0;0.0;0.0
63457;Vic-le-Comte;63;Auvergne-Rhône-Alpes;45.64364462619593;3.249539146832527;10599.0;0.0;0.0
64061;Artix;64;Nouvelle-Aquitaine;43.41149073553454;-0.5619432028191315;7173.0;1.4;19.517635577861423
64062;Arudy;64;Nouvelle-Aquitaine;43.09777963724904;-0.41514475645117016;9311.0;0.0;0.0
64063;Arzacq-Arraziguet;64;Nouvelle-Aquitaine;43.541805949087184;-0.43598157796615933;4272.0;0.0;0.0
64102;Bayonne;64;Nouvelle-Aquitaine;43.482819554545124;-1.4274836523151258;216592.0;25.000503655;11.542671776889266
64160;Cambo-les-Bains;64;Nouvelle-Aquitaine;43.31926691205624;-1.4051783616484466;18231.0;0.948031134;5.200104953101859
64233;Garlin;64;Nouvelle-Aquitaine;43.555547055683796;-0.25657211005745406;4996.0;0.0;0.0
64256;Hasparren;64;Nouvelle-Aquitaine;43.37292585632114;-1.2686343625351413;13071.0;1.198031134;9.165566016372122
64260;Hendaye;64;Nouvelle-Aquitaine;43.348749747275335;-1.7128942555943947;30060.0;1.371108057;4.561237714570859
64320;Laruns;64;Nouvelle-Aquitaine;42.926859984384876;-0.3975251371484129;2176.0;0.0;0.0
64331;Lembeye;64;Nouvelle-Aquitaine;43.465562714935245;-0.12262739430982836;4788.0;0.0;0.0
64371;Mauléon-Licharre;64;Nouvelle-Aquitaine;43.12909035117669;-0.9079720373031883;13479.0;0.0;0.0
64393;Monein;64;Nouvelle-Aquitaine;43.29451686277105;-0.5917258466103266;6169.0;0.0;0.0
64410;Mourenx;64;Nouvelle-Aquitaine;43.37286002969984;-0.6474667877047957;10666.0;0.733333334;6.8754297206075385
64416;Navarrenx;64;Nouvelle-Aquitaine;43.33137770682854;-0.7750855557237761;5912.0;0.0;0.0
64417;Nay;64;Nouvelle-Aquitaine;43.15775086933956;-0.254328566654372;29071.0;1.4;4.815795810257645
64422;Oloron-Sainte-Marie;64;Nouvelle-Aquitaine;43.04276649069487;-0.6354186661827179;28054.0;2.65;9.446068296856062
64430;Orthez;64;Nouvelle-Aquitaine;43.5274523815376;-0.7279345060315265;34330.0;2.027472525;5.905833163413924
64445;Pau;64;Nouvelle-Aquitaine;43.349970896306466;-0.3630437551600076;207512.0;12.250000001;5.903273064208335
64453;Pontacq;64;Nouvelle-Aquitaine;43.1828792989115;-0.12188861170959141;5406.0;0.0;0.0
64483;Saint-Jean-de-Luz;64;Nouvelle-Aquitaine;43.370002769560806;-1.6360946243150127;26772.0;6.916666668;25.835449977588524
64485;Saint-Jean-Pied-de-Port;64;Nouvelle-Aquitaine;43.14088946242098;-1.2379358582993898;13208.0;1.5;11.356753482737735
64493;Saint-Palais;64;Nouvelle-Aquitaine;43.32016931080877;-1.0708636272924872;12210.0;1.866666666;15.288015282555282
64495;Saint-Pée-sur-Nivelle;64;Nouvelle-Aquitaine;43.33024005544233;-1.569057696414238;10027.0;0.0;0.0
64499;Salies-de-Béarn;64;Nouvelle-Aquitaine;43.4687097280868;-0.9348713721689502;16588.0;0.0;0.0
64526;Soumoulou;64;Nouvelle-Aquitaine;43.270793809090726;-0.1711541622498014;8721.0;0.0;0.0
65025;Argelès-Gazost;65;Occitanie;42.92356537945975;-0.15261171854042221;12533.0;0.0;0.0
65031;Arreau;65;Occitanie;42.825111749182426;0.3156846201419865;6992.0;1.333333333;19.06941265732265
65059;Bagnères-de-Bigorre;65;Occitanie;43.02493740008686;0.16784106420512634;18210.0;0.0;0.0
65258;Lannemezan;65;Occitanie;43.13090072340601;0.3889363889395782;20702.0;0.983333333;4.749943643126269
65286;Lourdes;65;Occitanie;43.07669623627631;-0.04824566335400757;22091.0;3.083333333;13.957418555067674
65295;Luz-Saint-Sauveur;65;Occitanie;42.812749375083214;0.020325477455379704;2684.0;0.0;0.0
65304;Maubourguet;65;Occitanie;43.479001371979145;0.02987246490031339;6195.0;0.0;0.0
65440;Tarbes;65;Occitanie;43.24100344794483;0.095580289439869;120254.0;8.933333332;7.428720318658839
65452;Trie-sur-Baïse;65;Occitanie;43.32994309912813;0.3605375451904283;3738.0;0.0;0.0
65460;Vic-en-Bigorre;65;Occitanie;43.395148671088975;0.15971385121406131;17674.0;1.0;5.658028742786014
66003;Amélie-les-Bains-Palalda;66;Occitanie;42.44200075836326;2.5532300827084007;9876.0;0.0;0.0
66016;Banyuls-sur-Mer;66;Occitanie;42.45902187745157;3.107539358490719;5705.0;0.0;0.0
66024;Le Boulou;66;Occitanie;42.50439602293658;2.835592291242429;14514.0;4.0;27.559597629874606
66025;Bourg-Madame;66;Occitanie;42.41899766572433;2.0320275390299756;6091.0;0.0;0.0
66037;Canet-en-Roussillon;66;Occitanie;42.69285372277218;3.0043286128734135;24293.0;0.0;0.0
66049;Céret;66;Occitanie;42.50501184766598;2.7280545998584116;12082.0;1.0;8.276775368316503
66088;Ille-sur-Têt;66;Occitanie;42.64572296690275;2.570137205893092;14568.0;2.166666667;14.872780525809995
66108;Millas;66;Occitanie;42.69853960432093;2.697172161202389;9096.0;0.0;0.0
66124;Font-Romeu-Odeillo-Via;66;Occitanie;42.5561731735866;2.027988712561708;9128.0;0.25;2.7388255915863278
66136;Perpignan;66;Occitanie;42.807304277574865;2.691038307115015;242694.0;23.950000001;9.868393945050146
66144;Pollestres;66;Occitanie;42.611500807723274;2.8729623812829925;13008.0;0.0;0.0
66148;Port-Vendres;66;Occitanie;42.50714811105598;3.089603304338499;6774.0;0.0;0.0
66149;Prades;66;Occitanie;42.58829750781771;2.3521316812115107;17615.0;2.333333334;13.24628631280159
66171;Saint-Cyprien;66;Occitanie;42.554845428328356;2.9741357650715203;66685.0;4.0;5.998350453625253
66180;Saint-Laurent-de-la-Salanque;66;Occitanie;42.8552330005261;2.979816611309344;34781.0;4.7023809530000005;13.519970538512409
66210;Thuir;66;Occitanie;42.61209637262831;2.7421185466635496;19519.0;2.500000001;12.808033203545264
67021;Barr;67;Grand Est;48.385092855352084;7.440034840885097;18664.0;1.2;6.4294899271324475
67028;Benfeld;67;Grand Est;48.348454932149586;7.614812657015125;24634.0;0.0;0.0
67061;Bouxwiller;67;Grand Est;48.81651402055318;7.4310183680937065;7760.0;0.0;0.0
67067;Brumath;67;Grand Est;48.73346555016055;7.695994161404856;23340.0;2.0;8.56898029134533
67095;Diemeringen;67;Grand Est;48.91510799210636;7.204559443500965;14139.0;0.0;0.0
67106;Drusenheim;67;Grand Est;48.77501226059235;7.97148225032634;9689.0;0.0;0.0
67130;Erstein;67;Grand Est;48.406660781278156;7.680315991605403;20254.0;1.10952381;5.4780478424015016
67152;Geispolsheim;67;Grand Est;48.516034000517145;7.6400392161044115;11924.0;0.0;0.0
67180;Haguenau;67;Grand Est;48.81365787384764;7.865614256268983;94323.0;15.792857142;16.74337875385643
67202;Hochfelden;67;Grand Est;48.752149174381174;7.5719899553038506;16969.0;1.1;6.482409098945135
67205;Hœrdt;67;Grand Est;48.704716299093604;7.806381511599457;8396.0;0.0;0.0
67222;Ingwiller;67;Grand Est;48.90051750124684;7.422281152516336;15226.0;1.333333333;8.756950827531853
67281;Marckolsheim;67;Grand Est;48.168056668202325;7.5470438270795;11791.0;0.0;0.0
67282;Marlenheim;67;Grand Est;48.61771309611141;7.50838824012507;12596.0;0.0;0.0
67283;Marmoutier;67;Grand Est;48.679109111959534;7.3853556499741515;6057.0;0.0;0.0
67300;Molsheim;67;Grand Est;48.54334490853291;7.475602681101594;43735.0;0.7;1.6005487595747114
67348;Obernai;67;Grand Est;48.44830224231915;7.471144034018902;22947.0;1.45;6.3189087898200205
67372;Val-de-Moder;67;Grand Est;48.84368967293709;7.596370353134547;14223.0;0.0;0.0
67388;Reichshoffen;67;Grand Est;48.95539622253774;7.617912094551951;24233.0;1.0;4.12660421738951
67411;Rosheim;67;Grand Est;48.483383091432195;7.424988435699636;14263.0;1.0;7.011147724882563
67434;Sarre-Union;67;Grand Est;48.921727489248426;7.039138564668649;6722.0;1.0;14.876524843796489
67437;Saverne;67;Grand Est;48.737406862115684;7.3770034400104745;28588.0;2.033333333;7.112541391492933
67448;Schirmeck;67;Grand Est;48.45131678358434;7.197822229301483;26926.0;1.585714286;5.88915652529154
67462;Sélestat;67;Grand Est;48.27130492341054;7.4992142876449055;49801.0;4.792857143;9.624017877151061
67463;Seltz;67;Grand Est;48.92728453845765;8.099084406407822;17837.0;0.0;0.0
67474;Soultz-sous-Forêts;67;Grand Est;48.92751389390844;7.911497025210368;22423.0;0.0;0.0
67482;Strasbourg;67;Grand Est;48.569543623440076;7.709316831108322;513754.0;62.416666666;12.149134929557725
67495;Truchtersheim;67;Grand Est;48.6611094041037;7.604228743683892;14409.0;0.25;1.735026719411479
67507;Villé;67;Grand Est;48.34930633012201;7.286483746540582;11335.0;0.0;0.0
67519;La Wantzenau;67;Grand Est;48.67520016460434;7.853206929443837;13783.0;0.333333333;2.418438170209679
67520;Wasselonne;67;Grand Est;48.63046237006735;7.39737479258406;15071.0;1.616666667;10.727003297724107
67544;Wissembourg;67;Grand Est;49.0009784721306;7.9515786075545165;14197.0;1.0;7.043741635556808
67550;Wœrth;67;Grand Est;48.97954056374908;7.758365870835537;12215.0;0.0;0.0
68004;Altkirch;68;Grand Est;47.61625788455493;7.290629639031642;14483.0;3.0;20.71394048194435
68063;Cernay;68;Grand Est;47.76662124713865;7.1483841641085935;24653.0;0.0;0.0
68066;Colmar;68;Grand Est;48.04619495468725;7.425632586938982;143525.0;20.833333333;14.51547349451315
68068;Dannemarie;68;Grand Est;47.63322850944055;7.077404536091308;19265.0;0.0;0.0
68082;Ensisheim;68;Grand Est;47.89254186060773;7.433502780166126;25490.0;0.0;0.0
68112;Guebwiller;68;Grand Est;47.9083707615957;7.1843550500253395;41906.0;1.0;2.3862931322483654
68138;Hirsingue;68;Grand Est;47.51483087290463;7.279268244496486;28074.0;0.0;0.0
68162;Kaysersberg Vignoble;68;Grand Est;48.14243370286581;7.183186147831923;15889.0;0.0;0.0
68201;Masevaux-Niederbruck;68;Grand Est;47.76411346807576;6.968004532082077;19036.0;0.0;0.0
68224;Mulhouse;68;Grand Est;47.76072114287303;7.354996758249371;274243.0;22.166666666;8.082855958401856
68226;Munster;68;Grand Est;48.02702150763791;7.09826066078286;17212.0;0.0;0.0
68269;Ribeauvillé;68;Grand Est;48.19898781460415;7.338220831306012;16092.0;1.5;9.321401938851603
68287;Rouffach;68;Grand Est;47.98204445908644;7.255540246045531;12493.0;1.166666666;9.338562923237014
68297;Saint-Louis;68;Grand Est;47.56769612035048;7.488728907599821;61108.0;3.0;4.909340839169994
68298;Sainte-Marie-aux-Mines;68;Grand Est;48.26198362800879;7.201749098838668;9756.0;0.0;0.0
68309;Sierentz;68;Grand Est;47.66030135949664;7.434586245161061;28101.0;0.5;1.7792961104587024
68334;Thann;68;Grand Est;47.870029048849965;7.026552790579165;29858.0;0.5;1.6745930738830466
69006;Amplepuis;69;Auvergne-Rhône-Alpes;46.02133323111605;4.415842718520527;15703.0;0.0;0.0
69010;L'Arbresle;69;Auvergne-Rhône-Alpes;45.799196280519055;4.579817387718089;29048.0;1.0;3.4425778022583313
69018;Beaujeu;69;Auvergne-Rhône-Alpes;46.18336357965098;4.5601240826344105;8459.0;0.0;0.0
69019;Belleville-en-Beaujolais;69;Auvergne-Rhône-Alpes;46.13963541657772;4.751752387406347;49818.0;0.7;1.4051146172066322
69024;Val d'Oingt;69;Auvergne-Rhône-Alpes;45.94752907566878;4.5659900281531485;12068.0;0.0;0.0
69064;Condrieu;42;Auvergne-Rhône-Alpes;45.46227059384817;4.737180008449005;19734.0;0.0;0.0
69066;Cours;42;Auvergne-Rhône-Alpes;46.10625682607329;4.334840382518438;7846.0;0.0;0.0
69091;Givors;69;Auvergne-Rhône-Alpes;45.58169215617887;4.7723936618277225;60990.0;3.216666667;5.2740886489588465
69112;Lentilly;69;Auvergne-Rhône-Alpes;45.85637333012893;4.679456963558334;32800.0;2.599999999;7.926829265243903
69123;Lyon;69;Auvergne-Rhône-Alpes;45.74277743013638;4.860186309998495;1492956.0;136.680036621;9.154994294607476
69141;Mornant;69;Auvergne-Rhône-Alpes;45.606827041483974;4.654372362536393;22142.0;2.0;9.032607713846987
69143;Neuville-sur-Saône;69;Auvergne-Rhône-Alpes;45.88694220844822;4.820346286547266;40672.0;0.0;0.0
69201;Sainte-Foy-l'Argentière;69;Auvergne-Rhône-Alpes;45.705929569488404;4.492186822536098;6481.0;0.0;0.0
69220;Saint-Laurent-de-Chamousset;69;Auvergne-Rhône-Alpes;45.75461692142295;4.435157902404434;7888.0;0.0;0.0
69227;Saint-Martin-en-Haut;69;Auvergne-Rhône-Alpes;45.67030987472701;4.580722434269252;10621.0;0.5;4.707654646455136
69238;Saint-Symphorien-sur-Coise;69;Auvergne-Rhône-Alpes;45.61176557508399;4.476352754907335;10500.0;0.0;0.0
69243;Tarare;69;Auvergne-Rhône-Alpes;45.88857142333335;4.4433434840430595;27955.0;1.833333333;6.558158944732606
69248;Thizy-les-Bourgs;69;Auvergne-Rhône-Alpes;46.051929640962406;4.267792744437414;9234.0;0.0;0.0
69264;Villefranche-sur-Saône;69;Auvergne-Rhône-Alpes;45.99694489995339;4.722127943573753;135328.0;10.349999999;7.648084652843462
69287;Saint-Bonnet-de-Mure;69;Auvergne-Rhône-Alpes;45.68943005761158;5.043348620526596;12775.0;0.0;0.0
70198;Dampierre-sur-Salon;70;Bourgogne-Franche-Comté;47.5955909239279;5.7201742865663485;5305.0;0.0;0.0
70279;Gray;70;Bourgogne-Franche-Comté;47.41777931718623;5.5810778849032365;23043.0;0.0;0.0
70285;Héricourt;70;Bourgogne-Franche-Comté;47.58635268206986;6.686950279886608;21335.0;0.0;0.0
70292;Jussey;70;Bourgogne-Franche-Comté;47.92561252496459;5.942521195952415;12918.0;0.0;0.0
70310;Lure;70;Bourgogne-Franche-Comté;47.701602375763315;6.557779005715631;39066.0;0.2;0.5119541289100497
70311;Luxeuil-les-Bains;70;Bourgogne-Franche-Comté;47.81563689603937;6.358690404283234;25847.0;2.0;7.737841915889659
70334;Marnay;70;Bourgogne-Franche-Comté;47.33926746051254;5.766013968175913;14738.0;0.0;0.0
70421;Port-sur-Saône;70;Bourgogne-Franche-Comté;47.72340213697735;5.967230403920459;14983.0;0.0;0.0
70447;Rioz;70;Bourgogne-Franche-Comté;47.44413367842639;6.123933961739651;12251.0;0.0;0.0
70467;Saint-Loup-sur-Semouse;70;Bourgogne-Franche-Comté;47.918282847445916;6.221727351894402;10281.0;0.0;0.0
70550;Vesoul;70;Bourgogne-Franche-Comté;47.58937014794751;6.112192586120473;49559.0;2.0;4.035593938537905
70561;Villersexel;70;Bourgogne-Franche-Comté;47.53220194518237;6.447334317484271;4120.0;0.0;0.0
71014;Autun;71;Bourgogne-Franche-Comté;46.99561036282283;4.373155016385404;29572.0;2.833333333;9.581135307047207
71047;Bourbon-Lancy;71;Bourgogne-Franche-Comté;46.66200667521379;3.7430223062354955;11283.0;0.0;0.0
71073;Chagny;71;Bourgogne-Franche-Comté;46.9031617058514;4.7610551027;16633.0;0.0;0.0
71076;Chalon-sur-Saône;71;Bourgogne-Franche-Comté;46.78566993324234;4.935052561852156;118249.0;13.271428574;11.223290322962562
71090;La Chapelle-de-Guinchay;71;Bourgogne-Franche-Comté;46.236442451051296;4.743819790548403;17694.0;0.0;0.0
71106;Charolles;71;Bourgogne-Franche-Comté;46.44648762954626;4.352161818442703;9221.0;0.0;0.0
71120;Chauffailles;71;Bourgogne-Franche-Comté;46.18901256491508;4.3606790802141;11953.0;0.0;0.0
71133;La Clayette;71;Bourgogne-Franche-Comté;46.29873864377148;4.321193516658362;9321.0;0.0;0.0
71137;Cluny;71;Bourgogne-Franche-Comté;46.42500219665845;4.607406914349999;22222.0;0.0;0.0
71153;Le Creusot;71;Bourgogne-Franche-Comté;46.830389028697255;4.4597813988586825;42898.0;2.0;4.662222015012355
71176;Digoin;71;Bourgogne-Franche-Comté;46.483542212405176;3.9373173247002606;14236.0;2.0;14.048890137679123
71192;Étang-sur-Arroux;71;Bourgogne-Franche-Comté;46.86859143962523;4.14269697452299;5249.0;0.0;0.0
71221;Givry;71;Bourgogne-Franche-Comté;46.79126231245813;4.7069472889258925;11828.0;0.25;2.113628677713899
71230;Gueugnon;71;Bourgogne-Franche-Comté;46.64736942534661;4.069227432625651;12234.0;0.0;0.0
71263;Louhans-Châteaurenaud;71;Bourgogne-Franche-Comté;46.618129231168474;5.212802546429404;23263.0;1.0;4.298671710441473
71270;Mâcon;71;Bourgogne-Franche-Comté;46.32074891014063;4.836575722949352;90253.0;8.583333332;9.51030251847584
71275;Marcigny;71;Bourgogne-Franche-Comté;46.307687443714016;4.021594161349562;6027.0;0.0;0.0
71306;Montceau-les-Mines;71;Bourgogne-Franche-Comté;46.63509621624322;4.358326975031193;47369.0;1.5;3.1666279634360026
71310;Montchanin;71;Bourgogne-Franche-Comté;46.72948615894653;4.530209705444918;10361.0;2.0;19.303156066016793
71342;Paray-le-Monial;71;Bourgogne-Franche-Comté;46.46129655617857;4.139985726618784;17555.0;0.25;1.4240956992309883
71351;Pierre-de-Bresse;71;Bourgogne-Franche-Comté;46.877128385088184;5.277404419408637;5605.0;0.0;0.0
71417;Saint-Gengoux-le-National;71;Bourgogne-Franche-Comté;46.63058264708791;4.661054072103672;5351.0;0.0;0.0
71419;Saint-Germain-du-Bois;71;Bourgogne-Franche-Comté;46.76994430828799;5.2238915087029145;9659.0;0.0;0.0
71512;Sennecey-le-Grand;71;Bourgogne-Franche-Comté;46.633635867014;4.847816009192268;6863.0;0.0;0.0
71543;Tournus;71;Bourgogne-Franche-Comté;46.56223109682899;4.941810369133106;19759.0;0.0;0.0
72029;Beaumont-sur-Sarthe;72;Pays de la Loire;48.233078605040845;0.12210538177971904;7387.0;0.0;0.0
72039;Bonnétable;72;Pays de la Loire;48.184673528382596;0.43136366436013335;10908.0;0.0;0.0
72068;La Chartre-sur-le-Loir;72;Pays de la Loire;47.742672664005084;0.6001081967835064;9335.0;0.0;0.0
72071;Montval-sur-Loir;72;Pays de la Loire;47.67884383938128;0.3750788246663334;15389.0;0.7250000000000001;4.711157320163754
72089;Conlie;72;Pays de la Loire;48.103195190830945;-0.03711511021911992;8142.0;0.0;0.0
72090;Connerré;72;Pays de la Loire;48.0390526985576;0.5559086803412348;20627.0;0.0;0.0
72124;Écommoy;72;Pays de la Loire;47.79062150107716;0.25603515009114297;19588.0;0.0;0.0
72132;La Ferté-Bernard;72;Pays de la Loire;48.20520717066287;0.672835066029735;25108.0;0.666666666;2.655196216345388
72138;Fresnay-sur-Sarthe;72;Pays de la Loire;48.29529071223031;-0.018286780339209857;9128.0;0.0;0.0
72143;Le Grand-Lucé;72;Pays de la Loire;47.86458578026547;0.47330857932996606;6591.0;0.0;0.0
72154;La Flèche;72;Pays de la Loire;47.722156748179465;-0.08299970983544014;23829.0;0.65;2.727768685215494
72168;Loué;72;Pays de la Loire;47.985492421147875;-0.1850581476128008;10586.0;0.0;0.0
72176;Le Lude;72;Pays de la Loire;47.66005151103552;0.11800161484277223;7497.0;0.0;0.0
72180;Mamers;72;Pays de la Loire;48.35517266199377;0.3614103476771462;13728.0;0.0;0.0
72181;Le Mans;72;Pays de la Loire;48.04540481802508;0.20347441566977498;271269.0;20.058333335;7.394259327457247
72189;Marolles-les-Braults;72;Pays de la Loire;48.26090757987887;0.2897477888817865;4666.0;0.0;0.0
72213;Mulsanne;72;Non renseigné;47.8894495303359;0.24823810075706124;12563.0;0.0;0.0
72231;Parigné-l'Évêque;72;Pays de la Loire;47.929198166950506;0.3791511552107384;8645.0;0.0;0.0
72264;Sablé-sur-Sarthe;72;Pays de la Loire;47.8496826108553;-0.33907382507763567;32644.0;0.583333333;1.7869542121063593
72269;Saint-Calais;72;Pays de la Loire;47.90438356771088;0.7467797427503673;14871.0;1.0;6.724497343823549
72334;Sillé-le-Guillaume;72;Pays de la Loire;48.19042735562899;-0.1557444213327034;8675.0;0.0;0.0
72346;La Suze-sur-Sarthe;72;Pays de la Loire;47.85621031099733;0.0015421143987201633;27085.0;0.0;0.0
72373;Vibraye;72;Pays de la Loire;48.089508622617814;0.7747506216366917;4829.0;0.0;0.0
73006;Aime-la-Plagne;73;Auvergne-Rhône-Alpes;45.561518440424386;6.653849276924992;8221.0;1.0;12.16397031991242
73008;Aix-les-Bains;73;Auvergne-Rhône-Alpes;45.701538018310316;5.941198249745266;57334.0;10.292857142;17.952449056406323
73010;Entrelacs;73;Auvergne-Rhône-Alpes;45.7829293868393;5.92218683120316;11848.0;0.0;0.0
73011;Albertville;73;Auvergne-Rhône-Alpes;45.63690960880857;6.382229591631936;49250.0;4.5;9.137055837563452
73034;Beaufort;73;Auvergne-Rhône-Alpes;45.71061441959096;6.5984225026319185;3425.0;0.0;0.0
73054;Bourg-Saint-Maurice;73;Auvergne-Rhône-Alpes;45.609236459339236;6.829929196255239;13517.0;0.0;0.0
73055;Bozel;73;Auvergne-Rhône-Alpes;45.407753232292315;6.709199388401819;6717.0;0.0;0.0
73065;Chambéry;73;Auvergne-Rhône-Alpes;45.582684976916305;5.952704087957125;147459.0;13.987179486;9.485470189001688
73157;Modane;73;Auvergne-Rhône-Alpes;45.273797742996116;6.877241674334757;8414.0;0.0;0.0
73171;Montmélian;73;Auvergne-Rhône-Alpes;45.50353433721908;6.080886699102001;8493.0;0.0;0.0
73181;Moûtiers;73;Auvergne-Rhône-Alpes;45.4253362441584;6.507444175084598;18488.0;0.0;0.0
73215;Valgelon-La Rochette;73;Auvergne-Rhône-Alpes;45.45442139257056;6.166547140225239;9390.0;0.0;0.0
73236;Saint-Genix-les-Villages;73;Auvergne-Rhône-Alpes;45.616336012801376;5.642649236673763;9850.0;0.0;0.0
73248;Saint-Jean-de-Maurienne;73;Auvergne-Rhône-Alpes;45.2430310667494;6.354783752907698;27329.0;2.0;7.3182333784624385
73270;Saint-Pierre-d'Albigny;73;Auvergne-Rhône-Alpes;45.52664434756379;6.2494842858968145;16571.0;0.0;0.0
73303;Ugine;73;Auvergne-Rhône-Alpes;45.76051581504484;6.422333601078742;8826.0;0.0;0.0
73304;Val-d'Isère;73;Auvergne-Rhône-Alpes;45.453431283537284;6.969750791339154;3486.0;0.0;0.0
73330;Yenne;73;Auvergne-Rhône-Alpes;45.701724064471954;5.777749962246909;7851.0;0.0;0.0
74010;Annecy;74;Auvergne-Rhône-Alpes;45.87902140694175;6.121899291299084;211658.0;18.185714281;8.59202783783273
74012;Annemasse;74;Auvergne-Rhône-Alpes;46.19203058404268;6.33691609353667;118644.0;8.33333333;7.023813534607734
74042;Bonneville;74;Auvergne-Rhône-Alpes;46.02441271793091;6.401618496274839;27516.0;3.783333333;13.74957600305277
74043;Bons-en-Chablais;74;Auvergne-Rhône-Alpes;46.26647470730551;6.384550960220984;8547.0;0.0;0.0
74056;Chamonix-Mont-Blanc;74;Auvergne-Rhône-Alpes;45.93884293314159;6.9032137940641105;12673.0;0.5;3.945395723191036
74081;Cluses;74;Auvergne-Rhône-Alpes;46.03127258797474;6.569806482738711;53371.0;1.166666666;2.18595616720691
74096;Cruseilles;74;Auvergne-Rhône-Alpes;46.04148236602497;6.08777904745537;18476.0;0.0;0.0
74105;Douvaine;74;Auvergne-Rhône-Alpes;46.30513852181735;6.300550745285234;21912.0;0.0;0.0
74123;Faverges-Seythenex;74;Auvergne-Rhône-Alpes;45.75974851357952;6.288156363745892;16413.0;2.333333331;14.216373185889234
74137;Groisy;74;Auvergne-Rhône-Alpes;46.00110957861412;6.2317665248659955;16809.0;0.0;0.0
74191;Morzine;74;Auvergne-Rhône-Alpes;46.207800003971094;6.675670039418201;8712.0;0.0;0.0
74220;Reignier-Ésery;74;Auvergne-Rhône-Alpes;46.11736347884755;6.249377118974362;14589.0;0.0;0.0
74224;La Roche-sur-Foron;74;Auvergne-Rhône-Alpes;46.066470164107194;6.30962363597007;23303.0;0.333333333;1.4304309874265118
74225;Rumilly;74;Auvergne-Rhône-Alpes;45.779050707215525;6.038339294183423;43980.0;0.916666666;2.0842807321509778
74236;Saint-Gervais-les-Bains;74;Auvergne-Rhône-Alpes;45.82835294125943;6.636114176395818;14497.0;0.0;0.0
74243;Saint-Julien-en-Genevois;74;Auvergne-Rhône-Alpes;46.10439679131816;6.033227162111126;51232.0;2.166666667;4.229127629216115
74256;Sallanches;74;Auvergne-Rhône-Alpes;45.93931213224453;6.671627010956545;34532.0;2.5;7.239661763002433
74258;Samoëns;74;Auvergne-Rhône-Alpes;46.07197534553889;6.767952082916615;4488.0;0.0;0.0
74269;Seyssel;74;Auvergne-Rhône-Alpes;45.978028056489684;5.840213653785104;12675.0;1.142857143;9.016624402366864
74276;Taninges;74;Auvergne-Rhône-Alpes;46.124351176721106;6.577123769153678;8416.0;0.0;0.0
74280;Thônes;74;Auvergne-Rhône-Alpes;45.90023608391167;6.3974150597650015;15194.0;0.0;0.0
74281;Thonon-les-Bains;74;Auvergne-Rhône-Alpes;46.31439657160483;6.615609281011043;113425.0;7.333333332;6.465358899713467
74311;Viuz-en-Sallaz;74;Auvergne-Rhône-Alpes;46.16039451661487;6.455101276589024;14845.0;0.0;0.0
75056;Paris;75;Île-de-France;48.853165790255225;2.289115026745788;10760070.0;873.4626983320001;8.117630260137714
76034;Val-de-Scie;76;Normandie;49.706743972512214;1.0722236310779238;15332.0;0.916666666;5.978780759196452
76035;Aumale;76;Normandie;49.804198993634834;1.7636846801254265;17667.0;0.0;0.0
76057;Barentin;76;Normandie;49.57696949130018;0.9573390417904376;32678.0;3.033333333;9.28249382765163
76101;Blangy-sur-Bresle;76;Normandie;49.89013202378467;1.5853538261116096;11496.0;0.0;0.0
76114;Bolbec;76;Normandie;49.58162307834365;0.4845032307899429;26122.0;0.333333333;1.2760635977337111
76146;Buchy;76;Normandie;49.5765057088139;1.3669345671677895;7932.0;0.0;0.0
76159;Cany-Barville;76;Normandie;49.775001117797565;0.6395830846553827;12773.0;0.0;0.0
76164;Rives-en-Seine;76;Normandie;49.48632569294507;0.7181268803744889;10976.0;0.0;0.0
76196;Criquetot-l'Esneval;76;Normandie;49.63700214802662;0.22408887907171735;13178.0;0.0;0.0
76217;Dieppe;76;Normandie;49.865921980297365;1.2143323291519577;70339.0;5.25;7.463853623167801
76219;Doudeville;76;Normandie;49.731596495927874;0.8086106304683013;8488.0;0.0;0.0
76222;Duclair;76;Normandie;49.474701006877574;0.8633903705845546;20827.0;0.0;0.0
76255;Eu;76;Normandie;50.006632427130775;1.403502212710961;28201.0;0.0;0.0
76258;Terres-de-Caux;76;Normandie;49.66065159233741;0.5699703281663469;8959.0;0.0;0.0
76259;Fécamp;76;Normandie;49.73569657126523;0.41201422757233813;40987.0;0.5;1.2198989923634325
76276;Forges-les-Eaux;76;Normandie;49.60710295562741;1.5562016618113357;12940.0;0.0;0.0
76302;Goderville;76;Normandie;49.64460150257184;0.38673673134179926;11953.0;2.083333333;17.429376164979505
76312;Gournay-en-Bray;76;Normandie;49.47023713673436;1.6756082582139689;21446.0;0.5;2.3314370978271004
76351;Le Havre;76;Normandie;49.530534858571606;0.19190864422094642;234852.0;9.916666666;4.2225174433260095
76400;Luneray;76;Normandie;49.83389847559145;0.894991769439933;11583.0;0.0;0.0
76462;Neufchâtel-en-Bray;76;Normandie;49.76792714782742;1.4339818289768627;16871.0;1.583333332;9.384940619998815
76476;Port-Jérôme-sur-Seine;76;Normandie;49.50374979726101;0.5668514048837617;33443.0;1.333333333;3.986883153425231
76482;Offranville;76;Normandie;49.82133244058111;1.00657317610294;12582.0;0.0;0.0
76540;Rouen;76;Normandie;49.4394761811583;1.1115487860272004;547768.0;35.316666659;6.44737674690745
76647;Saint-Romain-de-Colbosc;76;Normandie;49.512447500569685;0.3558257665337001;17700.0;0.0;0.0
76648;Saint-Saëns;76;Normandie;49.67441542942207;1.2891152815714222;5775.0;0.0;0.0
76655;Saint-Valery-en-Caux;76;Normandie;49.842067670937745;0.7530821781246352;8648.0;0.0;0.0
76752;Yerville;76;Normandie;49.67276026393479;0.8994833309730014;8945.0;0.0;0.0
76758;Yvetot;76;Normandie;49.627528104583675;0.7386506208450471;31376.0;6.733333335;21.460139389979602
77051;Bray-sur-Seine;77;Île-de-France;48.41039401659053;3.246406036037277;7385.0;0.0;0.0
77053;Brie-Comte-Robert;77;Île-de-France;48.67948618292224;2.6547194120420863;43429.0;0.5;1.1513044279168296
77088;La Chapelle-la-Reine;77;Île-de-France;48.30679783868454;2.568894016400828;6495.0;0.0;0.0
77100;Le Châtelet-en-Brie;77;Île-de-France;48.5130696440609;2.807287517959831;8956.0;0.0;0.0
77118;Claye-Souilly;77;Île-de-France;48.95189109436337;2.718672588495566;22937.0;0.0;0.0
77131;Coulommiers;77;Île-de-France;48.78000823947151;3.0815741194601656;59857.0;2.0;3.341296757271497
77142;Crécy-la-Chapelle;77;Île-de-France;48.866035922282364;2.9338152218895206;12333.0;0.0;0.0
77153;Dammartin-en-Goële;77;Île-de-France;49.0484057440118;2.6651527761121563;39051.0;0.0;0.0
77171;Esbly;77;Île-de-France;48.901725353852584;2.8161388659340694;25297.0;0.0;0.0
77182;La Ferté-Gaucher;77;Île-de-France;48.783999989173864;3.3166744247876365;21576.0;0.0;0.0
77183;La Ferté-sous-Jouarre;77;Île-de-France;48.9458183257211;3.160622869709003;32694.0;2.166666666;6.6271079280601946
77186;Fontainebleau;77;Île-de-France;48.4096912374004;2.71094986931219;55409.0;6.833333331;12.332533218430221
77192;Fontenay-Trésigny;77;Île-de-France;48.684089665272644;2.8356871277288116;26599.0;0.0;0.0
77268;Magny-le-Hongre;77;Île-de-France;48.82433058052796;2.823571492382325;19281.0;0.0;0.0
77284;Meaux;77;Île-de-France;49.00992304217452;2.9803831500564835;128582.0;4.8333333320000005;3.7589501889844614
77288;Melun;77;Île-de-France;48.551870513507716;2.6845435267049256;117796.0;8.899999999;7.555434818669565
77305;Montereau-Fault-Yonne;77;Île-de-France;48.36261029109697;2.998645798264923;60285.0;3.5833333310000004;5.943988274031684
77316;Moret-Loing-et-Orvanne;77;Île-de-France;48.36121430498346;2.8293855145415896;29966.0;1.0;3.337115397450444
77327;Nangis;77;Île-de-France;48.551852687163255;3.0092927256693343;35200.0;0.0;0.0
77333;Nemours;77;Île-de-France;48.230206648474805;2.779453519147135;38199.0;1.999999999;5.235739152857404
77379;Provins;77;Île-de-France;48.59064171790744;3.3457965376309815;37394.0;1.816666666;4.858176889340536
77393;Rozay-en-Brie;77;Île-de-France;48.68591652931873;2.970494476684777;7714.0;1.0;12.963443090484832
77407;Saint-Fargeau-Ponthierry;77;Île-de-France;48.492781208295526;2.5446690928122235;38190.0;1.0;2.6184865147944487
77437;Saint-Soupplets;77;Île-de-France;49.0378835519546;2.795964932777169;4822.0;0.0;0.0
77458;Souppes-sur-Loing;77;Île-de-France;48.151208487234925;2.685086541886587;12782.0;0.0;0.0
77470;Tournan-en-Brie;77;Île-de-France;48.749039784732545;2.7727432505249245;23991.0;1.666666666;6.94704958526114
78029;Aubergenville;78;Île-de-France;48.96071956064322;1.857153734132163;16918.0;2.166666667;12.806872366710014
78089;Bonnières-sur-Seine;78;Île-de-France;49.038163598616464;1.5749778972668482;17792.0;0.0;0.0
78217;Épône;78;Île-de-France;48.895082656784865;1.8250061192022307;38408.0;1.25;3.2545303061862114
78220;Les Essarts-le-Roi;78;Île-de-France;48.706366908239154;1.9061524758241766;10397.0;0.0;0.0
78267;Gargenville;78;Île-de-France;48.99195199900554;1.8121531334413732;19376.0;0.0;0.0
78310;Houdan;78;Île-de-France;48.78962757549868;1.6269079897241248;26405.0;1.055555555;3.997559382692672
78361;Mantes-la-Jolie;78;Île-de-France;48.98454795841198;1.6999016552926305;123286.0;8.166666666;6.624163867754651
78420;Montfort-l'Amaury;78;Île-de-France;48.77885851440937;1.8309598134328078;6561.0;0.5;7.620789513793629
78455;Noisy-le-Roi;78;Île-de-France;48.8600640604657;2.008263387780829;21586.0;0.5;2.316316130825535
78486;Le Perray-en-Yvelines;78;Île-de-France;48.7151052428129;1.8032151149895856;9902.0;0.5;5.049484952534841
78513;La Queue-les-Yvelines;78;Île-de-France;48.7885082355455;1.7508265600332387;8402.0;0.0;0.0
78517;Rambouillet;78;Île-de-France;48.63465480530741;1.8073911827025468;32883.0;4.420634918;13.443526801082626
78537;Saint-Arnoult-en-Yvelines;78;Île-de-France;48.546815486823085;1.878494239814808;15513.0;0.0;0.0
79005;Airvault;79;Nouvelle-Aquitaine;46.80026607327046;-0.11328335497017024;9960.0;0.0;0.0
79048;La Crèche;79;Nouvelle-Aquitaine;46.36090384705812;-0.292859930697584;10467.0;0.0;0.0
79049;Bressuire;79;Nouvelle-Aquitaine;46.87628149519823;-0.4459631693584731;31627.0;1.95;6.165617984633382
79061;Celles-sur-Belle;79;Nouvelle-Aquitaine;46.27056468433706;-0.23736506279413253;9462.0;0.0;0.0
79062;Cerizay;79;Nouvelle-Aquitaine;46.81439572695114;-0.6735276884344328;13674.0;0.0;0.0
79079;Mauléon;79;Nouvelle-Aquitaine;46.9282399694303;-0.75473079199766;10611.0;0.0;0.0
79083;Chef-Boutonne;79;Nouvelle-Aquitaine;46.07493046906921;-0.07297137794147575;6661.0;0.0;0.0
79101;Coulonges-sur-l'Autize;79;Nouvelle-Aquitaine;46.50493189530737;-0.6024475578271713;10853.0;0.0;0.0
79174;Melle;79;Nouvelle-Aquitaine;46.19467606832969;-0.14288212314297474;18941.0;0.0;0.0
79179;Moncoutant-sur-Sèvre;79;Nouvelle-Aquitaine;46.683757704779396;-0.5642662106845777;12491.0;0.166666667;1.3342940276999438
79191;Niort;79;Nouvelle-Aquitaine;46.29837195973253;-0.4684168893187516;127944.0;14.149999998;11.059526041080472
79195;Nueil-les-Aubiers;79;Nouvelle-Aquitaine;46.94545246651592;-0.5840193666714671;7509.0;0.0;0.0
79202;Parthenay;79;Nouvelle-Aquitaine;46.631597164859556;-0.1959257947337628;36228.0;0.0;0.0
79270;Saint-Maixent-l'École;79;Nouvelle-Aquitaine;46.4247436089298;-0.14474097293015628;26848.0;0.0;0.0
79307;Sauzé-entre-Bois;79;Nouvelle-Aquitaine;46.143337913306134;0.10280313688700371;5628.0;0.0;0.0
79311;Secondigny;79;Nouvelle-Aquitaine;46.6007847719855;-0.4459323215390545;3885.0;0.0;0.0
79329;Thouars;79;Nouvelle-Aquitaine;46.96492858946181;-0.22121007358378142;34326.0;1.0;2.913243605430286
80001;Abbeville;80;Hauts-de-France;50.114797969493935;1.8788035472325895;47021.0;7.766666663;16.517442553327236
80010;Ailly-sur-Noye;80;Hauts-de-France;49.73948829890204;2.367370051247135;5388.0;0.0;0.0
80013;Airaines;80;Hauts-de-France;49.96965637550176;1.9413089622553803;9764.0;0.0;0.0
80016;Albert;80;Hauts-de-France;50.00686662108408;2.6515728848981137;29062.0;1.0;3.440919413667332
80021;Amiens;80;Hauts-de-France;49.90365005897839;2.247953249994275;215290.0;23.666666659;10.992924269125366
80211;Conty;80;Hauts-de-France;49.741634725815004;2.1475096229333968;6836.0;0.0;0.0
80212;Corbie;80;Hauts-de-France;49.92428772636284;2.5099200686233427;15575.0;0.0;0.0
80222;Crécy-en-Ponthieu;80;Hauts-de-France;50.26185390710097;1.887221630014313;5403.0;0.0;0.0
80253;Doullens;80;Hauts-de-France;50.1462598720489;2.350078131565562;26623.0;0.766666667;2.879715535439282
80318;Flixecourt;80;Hauts-de-France;50.03539934258091;2.121845293679204;18300.0;0.0;0.0
80368;Friville-Escarbotin;80;Hauts-de-France;50.07461832328175;1.5987232494019883;24849.0;0.0;0.0
80373;Gamaches;80;Hauts-de-France;49.98466192201765;1.5430641289779625;8201.0;0.0;0.0
80410;Ham;80;Hauts-de-France;49.75457080907855;3.012759444109675;20946.0;0.0;0.0
80561;Montdidier;80;Hauts-de-France;49.64498992197932;2.584004835191224;11716.0;0.0;0.0
80570;Moreuil;80;Hauts-de-France;49.74963110568931;2.5147146878718285;12164.0;0.0;0.0
80606;Oisemont;80;Hauts-de-France;49.95881873663351;1.768672983869758;5926.0;0.0;0.0
80620;Péronne;80;Hauts-de-France;49.933450349759916;2.970922887949013;26113.0;0.0;0.0
80630;Poix-de-Picardie;80;Hauts-de-France;49.763275558519695;1.9583686373619653;5965.0;0.0;0.0
80680;Rosières-en-Santerre;80;Hauts-de-France;49.82152953587055;2.7331590131327936;16647.0;0.0;0.0
80685;Roye;80;Hauts-de-France;49.688572544901895;2.7820261145895118;15903.0;0.0;0.0
80688;Rue;80;Hauts-de-France;50.28968347009217;1.6821085645292286;12179.0;0.0;0.0
80721;Saint-Valery-sur-Somme;80;Hauts-de-France;50.16519292575754;1.6057563488394175;8609.0;0.0;0.0
80799;Villers-Bretonneux;80;Non renseigné;49.85292408681732;2.5567327260669264;8522.0;0.0;0.0
81003;Alban;81;Occitanie;43.886246220879286;2.474377571730539;3341.0;0.0;0.0
81004;Albi;81;Occitanie;43.910995785735324;2.1674887911407743;102999.0;10.749999999;10.43699453295663
81060;Carmaux;81;Occitanie;44.08054158243901;2.186473444131822;26637.0;0.0;0.0
81065;Castres;81;Occitanie;43.63596439342317;2.345034428723073;82452.0;4.416666667;5.356651951438413
81099;Gaillac;81;Occitanie;43.962935783656185;1.865688403299727;37336.0;2.583333333;6.9191486313477615
81105;Graulhet;81;Occitanie;43.75896054153319;1.9874132403996299;20119.0;2.0;9.940851931010489
81120;Labruguière;81;Occitanie;43.50141200906269;2.254713280874334;7198.0;0.0;0.0
81124;Lacaune;81;Occitanie;43.6760149687025;2.7144183353246745;7198.0;0.0;0.0
81140;Lavaur;81;Occitanie;43.6899240554303;1.829733314479409;19930.0;3.366666667;16.892456934269948
81163;Mazamet;81;Occitanie;43.465629491505375;2.430825759476954;29629.0;2.166666667;7.312655395052144
81219;Puylaurens;81;Occitanie;43.601353968620785;1.9711451068169188;9514.0;0.0;0.0
81220;Rabastens;81;Occitanie;43.85281221692181;1.702938636776397;11256.0;2.642857143;23.479541071428574
81222;Réalmont;81;Occitanie;43.77571519691986;2.1931805474517563;11135.0;0.0;0.0
81271;Saint-Sulpice-la-Pointe;81;Occitanie;43.749646318613244;1.6947216894783872;12618.0;0.0;0.0
82013;Beaumont-de-Lomagne;82;Occitanie;43.899246257466274;0.9892703061999442;11849.0;0.0;0.0
82033;Castelsarrasin;82;Occitanie;44.02247571563687;1.1086964194664275;25235.0;3.009523808;11.925990917376659
82037;Caussade;82;Occitanie;44.2005121401077;1.5187672790159672;21526.0;0.642857143;2.986421736504692
82075;Grisolles;82;Occitanie;43.82750968143951;1.3041984105815845;7317.0;0.0;0.0
82087;Lafrançaise;82;Non renseigné;44.167883374781944;1.2386386611182656;7312.0;0.0;0.0
82112;Moissac;82;Occitanie;44.18549151373116;1.083157039304332;23034.0;0.0;0.0
82121;Montauban;82;Occitanie;44.014550628025965;1.3715333041056308;101767.0;10.926190472;10.736476924739847
82125;Montech;82;Occitanie;43.95176058691911;1.2131143971347926;10253.0;0.0;0.0
82134;Nègrepelisse;82;Occitanie;44.03998715426087;1.620113848390047;13983.0;0.0;0.0
82155;Saint-Antonin-Noble-Val;82;Occitanie;44.186419290885695;1.8128298308774258;8166.0;0.0;0.0
82186;Valence;82;Occitanie;44.120794544771705;0.8830258297233687;20278.0;0.333333333;1.6438176003550646
82190;Verdun-sur-Garonne;82;Occitanie;43.87106454304285;1.2237322710077783;10033.0;0.0;0.0
83007;Aups;83;Provence-Alpes-Côte d'Azur;43.663360730125376;6.220120321003067;2814.0;1.2;42.643923240938165
83012;Barjols;83;Provence-Alpes-Côte d'Azur;43.60916334475747;6.046965547127457;10737.0;0.0;0.0
83019;Bormes-les-Mimosas;83;Provence-Alpes-Côte d'Azur;43.16358463487825;6.364621595804675;15191.0;2.0;13.165690211309329
83023;Brignoles;83;Provence-Alpes-Côte d'Azur;43.40857139692572;6.074143732246885;26721.0;2.0;7.484749822237191
83032;Carcès;83;Provence-Alpes-Côte d'Azur;43.49638794657575;6.151292338424288;9194.0;0.0;0.0
83036;Cavalaire-sur-Mer;83;Provence-Alpes-Côte d'Azur;43.18473383481666;6.542739400914659;12615.0;0.0;0.0
83042;Cogolin;83;Provence-Alpes-Côte d'Azur;43.22820391166601;6.494772300903852;13836.0;0.5;3.6137612026597288
83050;Draguignan;83;Provence-Alpes-Côte d'Azur;43.579019178891436;6.487288928003162;84408.0;5.049999999;5.9828452267557575
83055;Fayence;83;Provence-Alpes-Côte d'Azur;43.63117278581363;6.6760426316467525;17908.0;1.2;6.700915791824882
83061;Fréjus;83;Provence-Alpes-Côte d'Azur;43.471960923728226;6.790295339035346;108209.0;20.983333331;19.391486226653974
83064;Garéoult;83;Provence-Alpes-Côte d'Azur;43.31822650846791;5.964652207674304;14806.0;0.0;0.0
83071;La Londe-les-Maures;83;Provence-Alpes-Côte d'Azur;43.16909864918833;6.2418300637994575;10584.0;0.0;0.0
83072;Lorgues;83;Provence-Alpes-Côte d'Azur;43.48011647295411;6.327254524109579;13350.0;0.0;0.0
83073;Le Luc;83;Provence-Alpes-Côte d'Azur;43.38052247226862;6.277464335688225;25301.0;2.416666666;9.551664621951701
83081;Montauroux;83;Non renseigné;43.60381604775843;6.776113168090022;11006.0;0.0;0.0
83091;Pierrefeu-du-Var;83;Non renseigné;43.23504147230548;6.180310309020968;6084.0;0.0;0.0
83104;Rians;83;Non renseigné;43.5924975117675;5.788769898952322;5166.0;0.0;0.0
83106;Rocbaron;83;Non renseigné;43.320279176217944;6.09704422976866;11214.0;0.0;0.0
83107;Roquebrune-sur-Argens;83;Provence-Alpes-Côte d'Azur;43.429243219270205;6.651417151494984;15442.0;0.0;0.0
83115;Sainte-Maxime;83;Provence-Alpes-Côte d'Azur;43.32928250609905;6.540346782783174;23692.0;2.666666666;11.255557428667904
83116;Saint-Maximin-la-Sainte-Baume;83;Provence-Alpes-Côte d'Azur;43.46209530362278;5.884955713608443;33906.0;2.619047619;7.724437028844451
83119;Saint-Tropez;83;Provence-Alpes-Côte d'Azur;43.23229954088599;6.624381877968553;8157.0;1.976190476;24.226927497854604
83121;Salernes;83;Provence-Alpes-Côte d'Azur;43.57101230784591;6.248062063116749;6901.0;0.0;0.0
83137;Toulon;83;Provence-Alpes-Côte d'Azur;43.20300977072749;6.011501218279991;627661.0;67.374999992;10.73429765303245
83148;Vidauban;83;Provence-Alpes-Côte d'Azur;43.41295647703648;6.444880809396017;14553.0;0.0;0.0
84003;Apt;84;Provence-Alpes-Côte d'Azur;43.89847799847978;5.430681504937078;27462.0;2.0;7.28279076542131
84007;Avignon;84;Provence-Alpes-Côte d'Azur;43.938304787106084;4.84646659907915;255172.0;18.041666662;7.070394346558399
84019;Bollène;84;Provence-Alpes-Côte d'Azur;44.26876928364682;4.760991105136305;27765.0;0.333333333;1.2005522528363048
84031;Carpentras;84;Provence-Alpes-Côte d'Azur;44.06995636229849;5.1322904138650625;95470.0;6.583333333;6.895708948360741
84035;Cavaillon;84;Provence-Alpes-Côte d'Azur;43.81056264406007;5.031846708089671;56329.0;2.833333333;5.029972719203252
84054;L'Isle-sur-la-Sorgue;84;Provence-Alpes-Côte d'Azur;43.9283743239642;5.048731180360981;33765.0;2.333333333;6.910508908633201
84071;Maubec;84;Provence-Alpes-Côte d'Azur;43.867628457282315;5.1943117696742345;11310.0;1.75;15.473032714412026
84087;Orange;84;Provence-Alpes-Côte d'Azur;44.13358354859457;4.846497717181749;62276.0;5.166666665;8.296400965058771
84089;Pertuis;84;Provence-Alpes-Côte d'Azur;43.71817027542434;5.491559545744222;34703.0;0.583333333;1.6809305621992334
84106;Sainte-Cécile-les-Vignes;26;Auvergne-Rhône-Alpes;44.24754681529486;4.906713821897778;12093.0;0.0;0.0
84123;Sault;84;Provence-Alpes-Côte d'Azur;44.13293894295939;5.461402291915491;5703.0;0.0;0.0
84133;La Tour-d'Aigues;84;Provence-Alpes-Côte d'Azur;43.766670658874176;5.595977691441269;8280.0;0.0;0.0
84137;Vaison-la-Romaine;84;Provence-Alpes-Côte d'Azur;44.22218544034913;5.111757265570898;19303.0;2.0;10.361083769362276
84138;Valréas;84;Provence-Alpes-Côte d'Azur;44.416447177839636;4.94543902049749;21695.0;0.0;0.0
85003;Aizenay;85;Pays de la Loire;46.742850635685215;-1.6401121043571083;21573.0;1.4;6.489593473323135
85018;Beauvoir-sur-Mer;85;Pays de la Loire;46.92682834613016;-2.027294045351012;13388.0;0.0;0.0
85019;Bellevigny;85;Pays de la Loire;46.81253132482667;-1.3995584758036872;8659.0;0.0;0.0
85020;Benet;85;Pays de la Loire;46.383059745680846;-0.6414652560615913;7184.0;0.0;0.0
85035;Bretignolles-sur-Mer;85;Pays de la Loire;46.62782954326195;-1.8448702414871394;8337.0;0.0;0.0
85047;Challans;85;Pays de la Loire;46.85067411070476;-1.8543232829129874;50909.0;5.717857142;11.231525156652065
85051;Chantonnay;85;Pays de la Loire;46.67881929856285;-1.027215457961988;17971.0;0.0;0.0
85059;La Châtaigneraie;85;Pays de la Loire;46.64216906309116;-0.7603349875819112;15602.0;0.0;0.0
85084;Essarts-en-Bocage;85;Pays de la Loire;46.778526924942476;-1.2282330413396587;15642.0;0.0;0.0
85092;Fontenay-le-Comte;85;Pays de la Loire;46.45387393190134;-0.8293445945239103;39400.0;2.9;7.360406091370558
85109;Les Herbiers;85;Pays de la Loire;46.878993506759905;-1.0292812685025008;39909.0;4.658333332;11.672388012728959
85113;L'Île-d'Yeu;85;Pays de la Loire;46.70900333662253;-2.3485674328462585;4883.0;0.25;5.119803399549457
85128;Luçon;85;Pays de la Loire;46.428234286965825;-1.1829621812027757;36095.0;1.5;4.15570023548968
85146;Montaigu-Vendée;85;Pays de la Loire;46.95566872782994;-1.3059499991228212;56765.0;2.416666666;4.257318181978332
85151;Mortagne-sur-Sèvre;85;Pays de la Loire;46.96041089436815;-0.9637130194278977;18266.0;0.0;0.0
85152;Les Achards;85;Pays de la Loire;46.60561937047445;-1.633181681020856;11344.0;0.0;0.0
85156;Moutiers-les-Mauxfaits;85;Pays de la Loire;46.50264982823588;-1.3814413726202939;8958.0;1.4;15.628488501897746
85163;Noirmoutier-en-l'Île;85;Pays de la Loire;46.978108137955;-2.23227544680711;9342.0;1.0;10.704345964461572
85178;Le Poiré-sur-Vie;85;Non renseigné;46.762087848628546;-1.5051103472259197;10660.0;0.0;0.0
85182;Pouzauges;85;Pays de la Loire;46.780544703295995;-0.8645387500078052;22698.0;0.0;0.0
85191;La Roche-sur-Yon;85;Pays de la Loire;46.64370400650799;-1.3586445236530988;108874.0;6.499999999;5.9702040882120615
85194;Les Sables-d'Olonne;85;Pays de la Loire;46.548128552914235;-1.7481784031396315;59578.0;5.8;9.735137131155795
85215;Saint-Fulgent;85;Pays de la Loire;46.851576383517354;-1.160419048932437;7753.0;0.0;0.0
85223;Saint-Jean-d'Hermine;85;Pays de la Loire;46.56468471350168;-1.0454415310129332;7055.0;0.0;0.0
85226;Saint-Hilaire-de-Riez;85;Pays de la Loire;46.710225871728284;-1.8328135131452024;42927.0;1.4;3.261350665082582
85234;Saint-Jean-de-Monts;85;Pays de la Loire;46.814563275923405;-2.0390089270386333;13568.0;0.0;0.0
85288;Talmont-Saint-Hilaire;85;Pays de la Loire;46.4695559979976;-1.5579518747032097;23128.0;0.0;0.0
85294;La Tranche-sur-Mer;85;Pays de la Loire;46.39436392763588;-1.3938108507727425;7264.0;0.0;0.0
86066;Châtellerault;86;Nouvelle-Aquitaine;46.81476621004648;0.6930173252135785;76462.0;1.5;1.961758782140148
86070;Chauvigny;86;Nouvelle-Aquitaine;46.57274442560377;0.6631973356029703;17241.0;0.0;0.0
86078;Civray;86;Nouvelle-Aquitaine;46.15246289774137;0.39178603987347393;12757.0;0.0;0.0
86082;Valence-en-Poitou;86;Nouvelle-Aquitaine;46.27666563312411;0.19449559565055;8892.0;0.0;0.0
86092;Dangé-Saint-Romain;86;Nouvelle-Aquitaine;46.95367912556227;0.5597616471747993;6702.0;0.0;0.0
86103;Gençay;86;Nouvelle-Aquitaine;46.32386604177513;0.43171794235678107;8957.0;0.0;0.0
86112;L'Isle-Jourdain;86;Nouvelle-Aquitaine;46.231189264794104;0.7216808739909045;3905.0;0.0;0.0
86128;Lencloître;86;Nouvelle-Aquitaine;46.846730800712784;0.3057367898611427;6948.0;0.0;0.0
86137;Loudun;86;Nouvelle-Aquitaine;47.00775799581264;0.07483624815456517;17902.0;0.0;0.0
86139;Lusignan;86;Nouvelle-Aquitaine;46.420761318930374;0.09329865296281034;10634.0;0.0;0.0
86140;Lussac-les-Châteaux;86;Nouvelle-Aquitaine;46.38169449468347;0.6830249738210639;10221.0;0.0;0.0
86165;Montmorillon;86;Nouvelle-Aquitaine;46.40332412509468;0.9674957293545603;11387.0;0.0;0.0
86177;Neuville-de-Poitou;86;Nouvelle-Aquitaine;46.771671154277364;0.182348946128271;25416.0;0.0;0.0
86194;Poitiers;86;Nouvelle-Aquitaine;46.55990093548637;0.34839468011065694;194485.0;19.499999999;10.026480190760212
86293;Vivonne;86;Nouvelle-Aquitaine;46.427086399194025;0.24924156675100428;7757.0;0.0;0.0
86294;Vouillé;86;Nouvelle-Aquitaine;46.639810953860135;0.10870287232070469;12927.0;0.0;0.0
87001;Aixe-sur-Vienne;87;Nouvelle-Aquitaine;45.7816936695761;1.0776359441362076;14311.0;0.0;0.0
87002;Ambazac;87;Nouvelle-Aquitaine;45.99045437066101;1.4793617482856312;10914.0;0.0;0.0
87011;Bellac;87;Nouvelle-Aquitaine;46.18821746624135;1.026962800368108;17091.0;1.263492064;7.39273339184366
87014;Bessines-sur-Gartempe;87;Nouvelle-Aquitaine;46.12213861053159;1.3015706312841138;9138.0;0.0;0.0
87032;Châlus;87;Nouvelle-Aquitaine;45.63932951556723;0.9924390194369159;6425.0;0.0;0.0
87064;Eymoutiers;87;Nouvelle-Aquitaine;45.65015633372911;1.8058234381289726;15937.0;0.5;3.1373533287318818
87085;Limoges;87;Nouvelle-Aquitaine;45.793724554622834;1.3073369694524122;237463.0;14.740476193;6.20748335235384
87106;Nexon;87;Nouvelle-Aquitaine;45.66864344528648;1.1802187285475267;5866.0;0.0;0.0
87126;Rochechouart;87;Nouvelle-Aquitaine;45.75329959987597;0.8458735526952147;14570.0;0.0;0.0
87154;Saint-Junien;87;Nouvelle-Aquitaine;45.94302585337662;0.9286042107761057;23483.0;4.757936509;20.261195371119534
87161;Saint-Léonard-de-Noblat;87;Nouvelle-Aquitaine;45.84782887296545;1.5493902636180923;11000.0;0.5;4.545454545454545
87187;Saint-Yrieix-la-Perche;87;Nouvelle-Aquitaine;45.513023893307164;1.1924252136788185;15061.0;1.816666667;12.062058741119449
88075;La Bresse;88;Grand Est;47.978385869838085;6.877436596273754;10406.0;0.0;0.0
88078;Bruyères;88;Grand Est;48.20028041026264;6.74283482699991;15245.0;0.0;0.0
88090;Charmes;88;Grand Est;48.41578049263419;6.3108286659065875;18932.0;0.0;0.0
88114;Contrexéville;88;Grand Est;48.14239722556059;5.806277579161857;10920.0;0.333333333;3.0525030494505496
88160;Épinal;88;Grand Est;48.205348838910524;6.403774215319773;87747.0;6.0;6.837840609935383
88181;Fraize;88;Grand Est;48.154535629957984;6.951084512707779;11449.0;0.0;0.0
88196;Gérardmer;88;Grand Est;48.07751899871078;6.868654605303938;11137.0;0.0;0.0
88304;Mirecourt;88;Grand Est;48.273253785549194;6.139541195342492;18002.0;0.0;0.0
88321;Neufchâteau;88;Grand Est;48.359263621945495;5.63930073449676;31230.0;0.0;0.0
88367;Rambervillers;88;Grand Est;48.35537934162412;6.615461587204813;13801.0;0.0;0.0
88372;Raon-l'Étape;88;Grand Est;48.43841551347583;6.9336216663774515;23190.0;0.0;0.0
88383;Remiremont;88;Grand Est;48.06549961324979;6.606102786582844;36048.0;2.5;6.935197514425211
88408;Rupt-sur-Moselle;88;Grand Est;47.90245941031227;6.623598140827289;4152.0;0.0;0.0
88413;Saint-Dié-des-Vosges;88;Grand Est;48.275351886875285;6.969903335537535;38899.0;1.142857143;2.938011627548266
88468;Le Thillot;88;Grand Est;47.86308565667695;6.7738078631738725;12189.0;0.0;0.0
88486;Vagney;88;Grand Est;48.01129723594231;6.768831777322686;6934.0;0.0;0.0
88487;Le Val-d'Ajol;88;Grand Est;47.943048582873466;6.517103084470038;4149.0;0.0;0.0
88516;Vittel;88;Grand Est;48.198389092700495;6.002347795121352;8245.0;0.0;0.0
88530;Xertigny;88;Grand Est;48.01710069739779;6.290584468628362;9173.0;0.0;0.0
89003;Montholon;89;Bourgogne-Franche-Comté;47.872141201423574;3.327942087321552;8715.0;0.0;0.0
89024;Auxerre;89;Bourgogne-Franche-Comté;47.75904749116391;3.611995630367024;81142.0;2.333333333;2.875617230287644
89025;Avallon;89;Bourgogne-Franche-Comté;47.49503209140065;3.937871260889119;25834.0;0.0;0.0
89068;Chablis;89;Bourgogne-Franche-Comté;47.82606628388073;3.7967462819547517;7830.0;0.0;0.0
89086;Charny Orée de Puisaye;45;Centre-Val de Loire;47.88027434214657;3.066977200846107;12405.0;0.0;0.0
89206;Joigny;89;Bourgogne-Franche-Comté;47.97584591132655;3.3341683854289657;15280.0;0.0;0.0
89257;Migennes;89;Bourgogne-Franche-Comté;47.999618687097296;3.545961067006352;20468.0;1.0;4.885675200312683
89309;Pont-sur-Yonne;89;Bourgogne-Franche-Comté;48.30722645120044;3.1922646347476165;14042.0;0.5;3.5607463324312776
89345;Saint-Florentin;89;Bourgogne-Franche-Comté;48.03870295757863;3.823263180994548;21276.0;0.0;0.0
89368;Saint-Sauveur-en-Puisaye;89;Bourgogne-Franche-Comté;47.59182208111938;3.228001808172425;3722.0;0.0;0.0
89387;Sens;89;Bourgogne-Franche-Comté;48.209875930620456;3.3100369390213786;69474.0;5.033333333;7.244916563030774
89418;Tonnerre;89;Bourgogne-Franche-Comté;47.81189708163178;4.08484643858083;15821.0;0.75;4.740534732317806
89419;Toucy;89;Bourgogne-Franche-Comté;47.696679738780915;3.1756749331195526;15032.0;0.0;0.0
89464;Villeneuve-sur-Yonne;89;Bourgogne-Franche-Comté;48.073471050478645;3.3063103121614144;16077.0;0.0;0.0
90010;Belfort;90;Bourgogne-Franche-Comté;47.6432292575481;6.861505138683547;96374.0;15.166666665;15.737301206757007
90033;Delle;90;Bourgogne-Franche-Comté;47.53549506395344;7.02411485407357;18884.0;1.0;5.295488244016099
90052;Giromagny;90;Bourgogne-Franche-Comté;47.75929070360426;6.827163551341619;6513.0;0.0;0.0
91016;Angerville;91;Île-de-France;48.31265423752862;2.0148161541382765;19505.0;0.0;0.0
91021;Arpajon;91;Île-de-France;48.57411798201524;2.241765008335389;48271.0;6.166666666;12.775096157112968
91045;Ballancourt-sur-Essonne;91;Île-de-France;48.53306849396468;2.3866918151453564;28314.0;0.0;0.0
91105;Breuillet;91;Île-de-France;48.55895963425244;2.13559426391212;25796.0;0.0;0.0
91200;Dourdan;91;Île-de-France;48.4952970544257;1.9911643041930103;20847.0;0.0;0.0
91223;Étampes;91;Île-de-France;48.402803402162164;2.1517081872321806;42205.0;3.5;8.292856296647317
91226;Étréchy;91;Île-de-France;48.503235926140384;2.210075996920661;20556.0;0.0;0.0
91232;La Ferté-Alais;91;Île-de-France;48.46412767402079;2.3464638003098455;17941.0;0.5;2.7869126581572936
91338;Limours;91;Île-de-France;48.63342764996412;2.0476077879857306;30513.0;0.0;0.0
91376;Marolles-en-Hurepoix;91;Île-de-France;48.567353003494986;2.3144678639972245;7270.0;0.0;0.0
91405;Milly-la-Forêt;91;Île-de-France;48.389576842776954;2.441997450822759;17295.0;0.0;0.0
95250;Fosses;95;Île-de-France;49.114593437479904;2.546160617970775;38355.0;1.0;2.6072220049537216
95313;L'Isle-Adam;95;Île-de-France;49.12822416578368;2.1903443714904136;27500.0;3.999999999;14.54545454181818
95351;Louvres;95;Île-de-France;49.048638295825846;2.5173545174522207;18529.0;0.0;0.0
95355;Magny-en-Vexin;95;Île-de-France;49.15687342928871;1.770313892634595;16617.0;0.0;0.0
95370;Marines;95;Île-de-France;49.16419501413801;1.9634314009703173;11328.0;0.0;0.0
95487;Persan;95;Île-de-France;49.18066248397566;2.286144435150692;63341.0;1.0;1.5787562558216637
95652;Viarmes;95;Île-de-France;49.11484611844075;2.389649556626918;20630.0;2.333333332;11.310389394086283
97101;Les Abymes;971;Guadeloupe;16.257601698806027;-61.49141204868692;262309.0;13.0;4.955987022938595
97105;Basse-Terre;971;Guadeloupe;16.02427466199512;-61.693000399766845;50499.0;6.0;11.881423394522663
97106;Bouillante;971;Guadeloupe;16.191725645761476;-61.75967366554673;11889.0;0.0;0.0
97107;Capesterre-Belle-Eau;971;Guadeloupe;16.055277507550485;-61.61087289218683;17684.0;1.0;5.654829224157431
97112;Grand-Bourg;971;Guadeloupe;15.931770879261459;-61.26892086555484;10350.0;0.0;0.0
97122;Port-Louis;971;Guadeloupe;16.449656128018088;-61.47633551978662;10019.0;0.0;0.0
97129;Sainte-Rose;971;Guadeloupe;16.296238238434686;-61.72551535572178;21410.0;1.0;4.670714619336758
97209;Fort-de-France;972;Martinique;14.658498987488715;-61.08053806295386;117525.0;13.0;11.061476281642204
97213;Le Lamentin;972;Martinique;14.628129781636812;-60.99218827504111;39400.0;3.0;7.614213197969543
97222;Le Robert;972;Martinique;14.555801230444752;-60.94245328129794;146066.0;6.0;4.1077321210959425
97225;Saint-Pierre;972;Martinique;14.761982998123989;-61.15282657742384;15907.0;0.0;0.0
97228;Sainte-Marie;972;Martinique;14.7936805277821;-61.05767389292352;41732.0;1.0;2.396242691459791
97302;Cayenne;973;Guyane;3.3919753649165485;-53.01020476818122;172375.0;5.0;2.9006526468455403
97304;Kourou;973;Guyane;4.8429602112259;-53.074568192498646;29401.0;0.0;0.0
97311;Saint-Laurent-du-Maroni;973;Guyane;4.5905389844908955;-53.82007444275059;92220.0;0.0;0.0
97404;L'Étang-Salé;974;La Réunion;-21.234351665809807;55.363753641780924;26000.0;0.75;2.8846153846153846
97409;Saint-André;974;La Réunion;-21.018203483413068;55.55412960901979;66153.0;0.333333333;0.5038824134959866
97410;Saint-Benoît;974;La Réunion;-21.120675689661507;55.67561662412973;65109.0;3.333333333;5.1196199189052205
97411;Saint-Denis;974;La Réunion;-20.940098135719065;55.50241562238118;218278.0;10.033333333;4.596584783166421
97412;Saint-Joseph;974;La Réunion;-21.308563405242147;55.6797937092188;57356.0;1.5;2.615245135644048
97413;Saint-Leu;974;La Réunion;-21.167100828882045;55.3324288685779;36163.0;2.083333333;5.760952722395819
97414;Saint-Louis;974;La Réunion;-21.19321865375141;55.438816537063346;59981.0;3.2;5.335022757206449
97415;Saint-Paul;974;La Réunion;-21.033561527435367;55.34375481557218;185846.0;19.266666665;10.367006373556599
97416;Saint-Pierre;974;La Réunion;-21.245582987789316;55.53048149302153;174793.0;14.499999998;8.295526707591264
97608;Dzaoudzi;976;Mayotte;-12.78574123659289;45.28356312758804;0.0;0.0;0.0
97611;Mamoudzou;976;Mayotte;-12.820971387918803;45.14294556078306;0.0;0.0;0.0
BV2022;;BV;Non renseigné;;;0.0;0.0;0.0
